iso,year,log_gdppc,bottom40_share
ALB,1996,7.4287904012862755,23.1
ALB,2002,7.739406452395294,21.0
ALB,2005,7.905762334472726,21.3
ALB,2008,8.115515387692694,22.0
ALB,2012,8.2353202979289,22.1
ALB,2014,8.305266334335276,18.5
ALB,2015,8.342730067120554,19.8
ALB,2016,8.396506123719536,19.2
ALB,2017,8.444241950183459,19.6
ALB,2018,8.495729230969024,20.9
ALB,2019,8.53157654989607,21.5
ALB,2020,8.513309056972297,21.6
ARG,1980,9.237546768935978,15.5
ARG,1986,9.146171773229526,15.0
ARG,1987,9.157409818683082,13.9
ARG,1991,9.074500394927384,13.899999999999999
ARG,1992,9.137036821690298,13.799999999999999
ARG,1993,9.202376099770508,13.8
ARG,1994,9.24569716059452,13.4
ARG,1995,9.203729343343023,12.2
ARG,1996,9.244948540627123,11.7
ARG,1997,9.310790784763434,11.799999999999999
ARG,1998,9.336814614986345,11.2
ARG,1999,9.290843275402365,11.5
ARG,2000,9.271590714591147,10.8
ARG,2001,9.215521411810418,9.7
ARG,2002,9.089478325218936,9.7
ARG,2003,9.163828464434127,10.899999999999999
ARG,2004,9.240136673356535,11.7
ARG,2005,9.314677947324345,12.0
ARG,2006,9.381793005097167,12.6
ARG,2007,9.45812987103844,12.7
ARG,2008,9.487771863276931,13.3
ARG,2009,9.416165091577739,13.7
ARG,2010,9.502050972116228,13.9
ARG,2011,9.54970975869115,14.399999999999999
ARG,2012,9.529115900298596,14.9
ARG,2013,9.54295482571449,15.0
ARG,2014,9.507190185666095,14.7
ARG,2016,9.492951061469718,14.6
ARG,2017,9.511933706412325,15.0
ARG,2018,9.477181411867754,14.8
ARG,2019,9.449860910237419,14.1
ARG,2020,9.340758851642148,14.100000000000001
ARG,2021,9.437418665623444,14.8
ARG,2022,9.493775178375971,15.5
ARG,2023,9.472173178879085,14.7
ARG,2024,9.455194584790855,14.799999999999999
ARM,1996,6.903474404419655,14.9
ARM,1999,7.073653897855953,19.2
ARM,2001,7.208689695141339,19.6
ARM,2002,7.3364188946968705,20.0
ARM,2003,7.472868413519926,21.1
ARM,2004,7.57825934040802,19.1
ARM,2005,7.714272542250184,19.9
ARM,2006,7.844411406664453,22.0
ARM,2007,7.97912431526816,21.200000000000003
ARM,2008,8.052402172085555,22.2
ARM,2009,7.9072741735352015,22.9
ARM,2010,7.935974228208692,22.1
ARM,2011,7.9874690677133895,22.2
ARM,2012,8.058250913748191,22.2
ARM,2013,8.09141276658874,21.5
ARM,2014,8.129497033280357,21.2
ARM,2015,8.164052993685441,20.799999999999997
ARM,2016,8.170153121527093,20.0
ARM,2017,8.246794167624104,20.8
ARM,2018,8.30098402411806,20.299999999999997
ARM,2019,8.376426175164447,22.1
ARM,2020,8.302040238703432,24.5
ARM,2021,8.35815047524684,23.200000000000003
ARM,2022,8.474495442334888,22.799999999999997
ARM,2023,8.555882049724369,23.5
ARM,2024,8.59013096483468,23.5
AUS,1981,10.352432346246104,20.6
AUS,1985,10.402421434365568,20.1
AUS,1989,10.497702855820949,19.7
AUS,1995,10.581713075659758,20.1
AUS,2001,10.743213033182606,19.5
AUS,2003,10.789518298688597,19.5
AUS,2004,10.820150024274179,19.9
AUS,2008,10.887386003649693,18.8
AUS,2010,10.89244027811907,19.1
AUS,2014,10.94326601733858,19.6
AUS,2016,10.96185059222698,19.6
AUS,2018,10.981432847810053,19.5
AUS,2020,10.974690395163083,19.6
AUT,1994,10.39758428367529,21.1
AUT,1995,10.42238335938929,21.5
AUT,1996,10.442948918143925,21.9
AUT,1997,10.463047113673522,21.9
AUT,1998,10.49628246235925,21.1
AUT,1999,10.531265730857301,21.7
AUT,2000,10.560258204241288,22.1
AUT,2003,10.585808554858044,21.9
AUT,2004,10.604933471077446,21.7
AUT,2005,10.621059338504935,22.200000000000003
AUT,2006,10.648281662827076,21.9
AUT,2007,10.682097270561812,21.2
AUT,2008,10.69339531968793,21.3
AUT,2009,10.654254275368153,20.7
AUT,2010,10.669778482664274,21.2
AUT,2011,10.695262034267998,20.9
AUT,2012,10.696965469540093,21.1
AUT,2013,10.688561184309245,21.2
AUT,2014,10.688275337993321,21.2
AUT,2015,10.690016418660566,21.1
AUT,2016,10.700153635335925,20.9
AUT,2017,10.715675612695888,21.3
AUT,2018,10.735343554098822,20.9
AUT,2019,10.748294360955562,21.200000000000003
AUT,2020,10.678875753026356,21.4
AUT,2021,10.72257647213907,21.0
AUT,2022,10.764950837219436,21.2
AUT,2023,10.747162675814796,20.9
AZE,1995,7.021359531605765,19.1
AZE,2001,7.40302248303462,18.9
AZE,2002,7.485757112532376,25.200000000000003
AZE,2003,7.5753826230351535,24.1
AZE,2004,7.655131796672319,24.7
AZE,2005,7.891468689996056,24.700000000000003
BEL,1985,10.154843678737068,24.1
BEL,1988,10.23747405573907,23.9
BEL,1992,10.32143689180028,24.1
BEL,1995,10.358016522704943,22.5
BEL,1997,10.404005262175595,23.3
BEL,2000,10.487888362969542,21.3
BEL,2003,10.513966726265327,22.5
BEL,2004,10.544728021573649,21.8
BEL,2005,10.562179420864767,22.4
BEL,2006,10.580786963637339,22.6
BEL,2007,10.609553039325432,22.2
BEL,2008,10.60611236562133,22.6
BEL,2009,10.578817890268201,22.4
BEL,2010,10.59642382637253,22.5
BEL,2011,10.602541246025885,22.6
BEL,2012,10.598495321138124,22.9
BEL,2013,10.596832208325084,22.7
BEL,2014,10.609894273134854,22.5
BEL,2015,10.618733852262814,22.6
BEL,2016,10.625535218770558,22.7
BEL,2017,10.636319968850893,22.9
BEL,2018,10.650373645440041,23.200000000000003
BEL,2019,10.6691043191879,23.2
BEL,2020,10.615677802572218,23.9
BEL,2021,10.672228350505144,23.6
BEL,2022,10.703604002633188,23.9
BEL,2023,10.710593297044216,23.5
BFA,1994,5.841720099103872,14.299999999999999
BFA,1998,6.028937371743357,13.899999999999999
BFA,2003,6.149030205944249,15.5
BFA,2009,6.279402995752449,17.4
BFA,2014,6.437074436779726,20.0
BFA,2018,6.543181813870662,16.1
BFA,2021,6.614018330623652,18.5
BGD,1983,6.053609356779162,24.0
BGD,1985,6.083091768659131,23.8
BGD,1988,6.1177430315509165,22.8
BGD,1991,6.175187952053689,23.2
BGD,1995,6.287732058934044,21.3
BGD,2000,6.430623058110431,20.7
BGD,2005,6.6055735505548245,21.0
BGD,2010,6.849770412875309,21.4
BGD,2016,7.169989468534807,21.0
BGD,2022,7.49795533274916,21.6
BGR,1989,8.472702299961385,25.2
BGR,1992,8.252043162981769,21.3
BGR,1994,8.26651972726252,24.9
BGR,1995,8.299583670751101,20.6
BGR,1997,8.209408754398677,24.0
BGR,2001,8.278403589312173,19.9
BGR,2003,8.416137912020812,22.5
BGR,2006,8.635880542048357,18.3
BGR,2007,8.70765673993136,18.4
BGR,2008,8.77416638254398,19.5
BGR,2009,8.74656477478822,19.3
BGR,2010,8.768581438001785,18.4
BGR,2011,8.795680042204475,19.1
BGR,2012,8.808932496747483,18.4
BGR,2013,8.82366009926138,17.9
BGR,2014,8.845254901111836,17.8
BGR,2015,8.891377567758276,16.9
BGR,2016,8.934177266972299,16.4
BGR,2017,8.974505445521666,16.7
BGR,2018,9.011254227063816,16.5
BGR,2019,9.062602837004778,16.7
BGR,2020,9.040798506308539,17.0
BGR,2021,9.122813816951695,17.1
BGR,2022,9.169347350927119,17.9
BGR,2023,9.188888426097868,17.3
BIH,2001,7.86985356136036,22.1
BIH,2004,8.027422820047768,19.5
BIH,2007,8.20660807931343,18.9
BIH,2011,8.317339634219136,19.5
BIH,2015,8.44725530758742,19.7
BIH,2021,8.698771468030062,21.2
BLR,1993,7.771693279296515,26.4
BLR,1995,7.541874395431091,22.0
BLR,1998,7.770131730485332,20.5
BLR,1999,7.808066797308288,20.2
BLR,2000,7.869158475044112,20.8
BLR,2001,7.920458745194723,21.299999999999997
BLR,2002,7.976045592962271,21.4
BLR,2003,8.051105919798575,22.1
BLR,2004,8.166331184268982,23.4
BLR,2005,8.263001957724901,22.700000000000003
BLR,2006,8.364435051602532,22.3
BLR,2007,8.451524809226617,21.799999999999997
BLR,2008,8.55210566583693,22.6
BLR,2009,8.55656277532507,22.9
BLR,2010,8.633391704349176,22.200000000000003
BLR,2011,8.68974888225533,23.1
BLR,2012,8.708249385064127,23.5
BLR,2013,8.718570835638193,23.5
BLR,2014,8.734385738447378,23.3
BLR,2015,8.694008944147766,24.0
BLR,2016,8.667542642890593,24.3
BLR,2017,8.69364701474173,24.200000000000003
BLR,2018,8.72679153118074,24.5
BLR,2019,8.743170338293512,24.3
BLR,2020,8.740654930453196,24.8
BLZ,1993,8.55001436998666,9.5
BLZ,1994,8.528519211602156,9.6
BLZ,1995,8.510764881671205,8.3
BLZ,1996,8.492010092354315,10.5
BLZ,1997,8.500116275494989,9.100000000000001
BLZ,1998,8.503389353522055,10.3
BLZ,1999,8.559019407806085,10.9
BLZ,2018,8.649555756147757,16.3
BOL,1990,7.426196914826516,15.299999999999999
BOL,1992,7.452613186123686,13.1
BOL,1997,7.582159932079648,8.4
BOL,1999,7.600374990329908,7.0
BOL,2000,7.60797253075436,6.4
BOL,2001,7.607801511730905,8.4
BOL,2002,7.615628466234788,7.8
BOL,2004,7.649688247863464,10.3
BOL,2005,7.676096525466966,8.1
BOL,2006,7.705905162842936,8.8
BOL,2007,7.733432810508475,9.7
BOL,2008,7.776220517941462,11.2
BOL,2009,7.792586630706832,11.7
BOL,2011,7.851085337706473,13.0
BOL,2012,7.885042836256124,12.4
BOL,2013,7.935055785008936,12.4
BOL,2014,7.972777145401465,12.600000000000001
BOL,2015,8.005037649739139,12.9
BOL,2016,8.031895790639762,13.0
BOL,2017,8.058379271204153,13.3
BOL,2018,8.072322806138477,14.5
BOL,2019,8.07321185107095,15.4
BOL,2020,7.9248294460835655,14.5
BOL,2021,8.010210543368496,15.7
BOL,2022,8.035357036892758,15.4
BOL,2023,8.046475865841769,15.2
BOL,2024,8.021458053429036,15.8
BRA,1981,8.70865581015581,8.9
BRA,1982,8.694130109674006,8.6
BRA,1983,8.642055763028928,8.600000000000001
BRA,1984,8.672785665297273,8.8
BRA,1985,8.727051027012639,9.4
BRA,1986,8.778677203828712,8.7
BRA,1987,8.793552729523155,8.1
BRA,1988,8.77384972889329,7.5
BRA,1989,8.786521726759775,7.0
BRA,1990,8.724185879149315,7.8
BRA,1992,8.695169129040746,10.0
BRA,1993,8.727042512232536,8.2
BRA,1995,8.79426958092092,8.3
BRA,1996,8.800976725416385,8.0
BRA,1997,8.819496612213413,8.0
BRA,1998,8.807994678755772,8.2
BRA,1999,8.798097863460962,8.4
BRA,2001,8.828059515551221,8.5
BRA,2002,8.845723024050223,8.7
BRA,2003,8.845264590674011,8.8
BRA,2004,8.889967304713018,9.4
BRA,2005,8.910527569815086,9.4
BRA,2006,8.93879933874518,9.7
BRA,2007,8.987603504325019,9.9
BRA,2008,9.027710519473555,10.3
BRA,2009,9.01749528495974,10.4
BRA,2011,9.112506257710116,10.8
BRA,2012,9.123419816967365,10.8
BRA,2013,9.144920323671,11.0
BRA,2014,9.141884083229511,11.3
BRA,2015,9.097865343318206,11.3
BRA,2016,9.05693785163387,10.7
BRA,2017,9.062797340537387,10.600000000000001
BRA,2018,9.07364240569415,10.4
BRA,2019,9.079256326487013,10.5
BRA,2020,9.040146350349604,13.2
BRA,2021,9.082419435054037,10.899999999999999
BRA,2022,9.108538496359254,11.3
BRA,2023,9.136481431933003,11.5
BRA,2024,9.166048320733326,12.0
CAN,1971,9.982417141942177,17.299999999999997
CAN,1973,10.077429071508789,18.5
CAN,1975,10.097236777883039,18.9
CAN,1977,10.164337797657922,18.9
CAN,1979,10.217739940829635,19.2
CAN,1981,10.247628849339847,19.5
CAN,1982,10.203559040139817,19.7
CAN,1984,10.266845156474842,19.4
CAN,1985,10.303996173090452,19.6
CAN,1986,10.315048679273543,20.3
CAN,1987,10.341779933367578,20.4
CAN,1988,10.371976990996458,20.7
CAN,1989,10.377139381634805,20.6
CAN,1990,10.364090196779857,20.4
CAN,1991,10.33053031089972,20.1
CAN,1992,10.327558805217251,20.3
CAN,1993,10.34279952988324,20.2
CAN,1994,10.375806888481927,20.4
CAN,1995,10.391929038407067,20.3
CAN,1996,10.39822448918927,19.9
CAN,1997,10.430197605930754,19.8
CAN,1998,10.46008875811897,19.8
CAN,1999,10.50209248550898,19.7
CAN,2000,10.542888385329666,19.6
CAN,2001,10.550603739603536,19.5
CAN,2002,10.569307379261009,19.5
CAN,2003,10.57821774951798,19.4
CAN,2004,10.599351016313625,19.4
CAN,2005,10.621480118016743,19.5
CAN,2006,10.637382024637729,19.299999999999997
CAN,2007,10.647967251281502,19.5
CAN,2008,10.647033388135789,19.3
CAN,2009,10.606002120137163,19.2
CAN,2010,10.62532862861404,19.5
CAN,2011,10.646464456840944,19.9
CAN,2012,10.653031268031413,19.3
CAN,2013,10.665489245389708,19.1
CAN,2014,10.683804585865452,19.6
CAN,2015,10.682680262531703,19.3
CAN,2016,10.681696815432375,19.9
CAN,2017,10.699629700539841,19.5
CAN,2018,10.712357621426529,20.0
CAN,2019,10.716644993442019,20.4
CAN,2020,10.654105471199319,21.7
CAN,2021,10.706368529642504,21.0
CAN,2022,10.733850085535499,20.7
CHE,1982,10.999618829035017,19.0
CHE,1992,11.103595268944622,19.7
CHE,2000,11.224353356657415,20.0
CHE,2002,11.230054389899072,20.4
CHE,2004,11.238455004433444,20.5
CHE,2006,11.295378345354818,19.4
CHE,2007,11.32550053805686,19.4
CHE,2008,11.337795177570449,19.5
CHE,2009,11.305761592759621,20.1
CHE,2010,11.327432014684732,20.3
CHE,2011,11.330291676635238,20.5
CHE,2012,11.33085212634982,20.799999999999997
CHE,2013,11.337548035912526,20.3
CHE,2014,11.350463162732629,20.3
CHE,2015,11.353520060500577,20.3
CHE,2016,11.36153524473918,20.1
CHE,2017,11.36630722298666,20.2
CHE,2018,11.391673600179173,19.9
CHE,2019,11.395631943701853,19.6
CHE,2020,11.365514403488842,19.7
CHE,2021,11.41778945244471,19.7
CHE,2022,11.444222981093114,19.700000000000003
CHL,1987,8.418175490172533,10.1
CHL,1990,8.573675022225954,10.0
CHL,1992,8.724494387010008,11.1
CHL,1994,8.808114588144447,10.2
CHL,1996,8.93659927498857,10.8
CHL,1998,9.022497675015181,10.4
CHL,2000,9.043736998669685,11.5
CHL,2003,9.119406869372144,11.9
CHL,2006,9.269704378495659,13.700000000000001
CHL,2009,9.3161776149694,14.0
CHL,2011,9.41351336106279,14.3
CHL,2013,9.48666314331262,14.4
CHL,2015,9.505538153004625,15.0
CHL,2017,9.508468631529055,15.0
CHL,2020,9.447842436877993,14.0
CHL,2022,9.566293718149335,15.7
CHL,2024,9.589935642412886,15.7
CHN,1981,6.116156295490321,22.3
CHN,1984,6.403994044968017,22.8
CHN,1987,6.681376781280893,21.4
CHN,1990,6.82131234459171,20.700000000000003
CHN,1993,7.137549804861502,19.9
CHN,1996,7.427416203886311,18.9
CHN,1999,7.638646988767542,17.0
CHN,2002,7.867359395555581,15.3
CHN,2005,8.150677895543058,15.9
CHN,2008,8.478731921413216,14.600000000000001
CHN,2010,8.659499741124039,14.299999999999999
CHN,2011,8.744442915713616,15.0
CHN,2012,8.813303154830061,15.0
CHN,2013,8.881549780556604,16.5
CHN,2014,8.947204390187988,16.7
CHN,2015,9.008876710627593,17.0
CHN,2016,9.068687551142396,17.2
CHN,2017,9.129276776150117,16.9
CHN,2018,9.18999264451763,17.2
CHN,2019,9.245349583911969,17.4
CHN,2020,9.266094744551108,18.2
CHN,2021,9.347430701068673,18.8
CHN,2022,9.378419211755894,18.7
CIV,1985,7.667654207132767,14.3
CIV,1986,7.660620600666539,17.8
CIV,1987,7.618556166617979,16.7
CIV,1988,7.591553279093246,18.1
CIV,1992,7.449912470586521,16.6
CIV,1995,7.406764020047959,16.799999999999997
CIV,1998,7.500210413092973,17.200000000000003
CIV,2002,7.3468351979224895,17.299999999999997
CIV,2008,7.282505007965388,15.0
CIV,2015,7.503685666289025,15.899999999999999
CIV,2018,7.607541907538331,18.0
CIV,2021,7.671575473933528,19.2
COL,1980,8.101832796633115,9.5
COL,1988,8.185620430741702,10.5
COL,1989,8.198660272462119,10.9
COL,1991,8.21964319754469,11.2
COL,1992,8.239486345038191,11.7
COL,1996,8.342528151552576,9.5
COL,1999,8.285794005781797,8.7
COL,2000,8.298243214136546,8.8
COL,2001,8.299163516306239,9.4
COL,2002,8.308515733738236,10.0
COL,2003,8.331869200280558,11.0
COL,2004,8.369137611599138,10.6
COL,2005,8.402292955782052,10.9
COL,2008,8.526860684740482,10.1
COL,2009,8.526543583446504,10.5
COL,2010,8.559149673592595,10.399999999999999
COL,2011,8.615607839856338,10.9
COL,2012,8.643959081011802,10.4
COL,2013,8.684537467094968,10.4
COL,2014,8.719617954543367,10.4
COL,2015,8.740099099350715,11.0
COL,2016,8.750852565595604,11.2
COL,2017,8.749839837418161,11.5
COL,2018,8.75676842867108,11.2
COL,2019,8.77027816661759,10.7
COL,2020,8.681343179480681,9.8
COL,2021,8.772946299201278,10.1
COL,2022,8.832985333472989,10.3
COL,2023,8.830159007195745,10.2
COL,2024,8.834236887367172,10.3
CRI,1981,8.686007785879898,11.600000000000001
CRI,1986,8.639892325069328,17.4
CRI,1989,8.697929378296358,13.2
CRI,1990,8.707579321171922,13.3
CRI,1991,8.70453209170455,12.8
CRI,1992,8.767242902523453,13.4
CRI,1993,8.810799186080569,13.1
CRI,1994,8.830449779507749,13.1
CRI,1995,8.84708602783741,13.3
CRI,1996,8.83706199787323,12.899999999999999
CRI,1997,8.867783015882976,13.399999999999999
CRI,1998,8.91458939715245,13.5
CRI,1999,8.934493445319093,12.8
CRI,2000,8.95241382755004,12.8
CRI,2001,8.968808025328064,11.3
CRI,2002,8.98589087591986,11.3
CRI,2003,9.012798468523023,11.899999999999999
CRI,2004,9.041392488708512,12.5
CRI,2005,9.065931713134097,12.899999999999999
CRI,2006,9.122633593956799,12.4
CRI,2007,9.188044813132949,12.7
CRI,2008,9.220776647630187,12.8
CRI,2009,9.198639754584931,12.0
CRI,2010,9.238450132413732,12.9
CRI,2011,9.269784956273197,12.399999999999999
CRI,2012,9.305788661192018,12.600000000000001
CRI,2013,9.319297354028341,12.299999999999999
CRI,2014,9.343355571154657,12.5
CRI,2015,9.368600648303643,12.7
CRI,2016,9.399673551623106,12.5
CRI,2017,9.430965994761966,12.8
CRI,2018,9.450050282876473,12.8
CRI,2019,9.468388678338293,12.8
CRI,2020,9.419160709731832,12.1
CRI,2021,9.493054244646686,12.5
CRI,2022,9.541932589325903,13.1
CRI,2023,9.584074021276846,13.2
CRI,2024,9.619326938629671,13.4
CRI,2025,9.659439779385993,13.7
CYP,2004,10.118584283608284,21.8
CYP,2005,10.15157170398194,21.8
CYP,2006,10.180948450086756,21.6
CYP,2007,10.209382998936231,21.299999999999997
CYP,2008,10.22009277223239,21.2
CYP,2009,10.172891359187945,21.0
CYP,2010,10.169308800489862,21.4
CYP,2011,10.147952950322953,20.9
CYP,2012,10.097634100020509,20.1
CYP,2013,10.03063588477268,19.1
CYP,2014,10.015635469861357,19.4
CYP,2015,10.047086891698926,20.0
CYP,2016,10.105528996658267,20.6
CYP,2017,10.152922057315555,21.3
CYP,2018,10.202198306568011,20.9
CYP,2019,10.245911559480287,21.3
CYP,2020,10.199720655804496,21.3
CYP,2021,10.292723632616772,21.4
CYP,2022,10.357908237719556,21.4
CYP,2023,10.374179055494048,21.299999999999997
CZE,1992,9.25717547070601,27.299999999999997
CZE,1993,9.256754851177128,24.3
CZE,1996,9.388044379902533,24.4
CZE,2002,9.486454883114803,23.9
CZE,2004,9.56518798732511,23.3
CZE,2005,9.625605399742563,23.8
CZE,2006,9.687028128231754,23.8
CZE,2007,9.734627552346243,24.299999999999997
CZE,2008,9.7521207377691,24.4
CZE,2009,9.697250802198612,24.2
CZE,2010,9.721121901720869,23.9
CZE,2011,9.73662299844166,23.9
CZE,2012,9.727487210043492,24.1
CZE,2013,9.72673729898426,23.9
CZE,2014,9.74788830654419,24.299999999999997
CZE,2015,9.794319729778335,24.4
CZE,2016,9.817880524099502,24.7
CZE,2017,9.86566589978201,24.9
CZE,2018,9.890231555051948,24.9
CZE,2019,9.921330413792809,24.6
CZE,2020,9.864390473398958,24.200000000000003
CZE,2021,9.922008884046004,24.1
CZE,2022,9.934373078708143,24.3
CZE,2023,9.917024878154018,24.2
DEU,1991,10.343566428172002,21.9
DEU,1992,10.355899041892014,22.200000000000003
DEU,1993,10.339547149873038,22.4
DEU,1994,10.361715683436984,21.9
DEU,1995,10.373714450697191,22.2
DEU,1996,10.381144967876951,22.5
DEU,1997,10.398055229569003,22.4
DEU,1998,10.418643356899596,22.4
DEU,1999,10.439069127989208,22.200000000000003
DEU,2000,10.46607409047185,22.3
DEU,2001,10.480620848221173,21.9
DEU,2002,10.476654398864689,21.799999999999997
DEU,2003,10.470788667642328,21.9
DEU,2004,10.482559629672282,21.7
DEU,2005,10.491943290911498,21.0
DEU,2006,10.53100925685123,21.200000000000003
DEU,2007,10.56082813498111,21.3
DEU,2008,10.571569399997207,21.5
DEU,2009,10.517061295036783,21.5
DEU,2010,10.559107749483772,21.6
DEU,2011,10.614535674088017,21.6
DEU,2012,10.617282807358228,21.1
DEU,2013,10.618515901568854,21.0
DEU,2014,10.635914726419337,21.1
DEU,2015,10.643750994955075,20.9
DEU,2016,10.657657715704788,20.8
DEU,2017,10.681515274290929,20.9
DEU,2018,10.689802961609656,20.8
DEU,2019,10.697277620874173,20.6
DEU,2020,10.65426364114353,20.4
DEU,2021,10.692195323889663,19.8
DEU,2022,10.710345747831287,19.700000000000003
DNK,1987,10.555723335488533,23.8
DNK,1992,10.60775351046787,24.700000000000003
DNK,1995,10.676566573281972,25.6
DNK,2000,10.805009526732166,25.1
DNK,2003,10.813922993772907,24.1
DNK,2004,10.83872377073826,24.4
DNK,2005,10.859290957187323,24.4
DNK,2006,10.893459118759536,24.1
DNK,2007,10.898847789083996,24.200000000000003
DNK,2008,10.888791802611369,24.3
DNK,2009,10.832416323033874,23.5
DNK,2010,10.843679350166735,23.4
DNK,2011,10.852584842339224,23.4
DNK,2012,10.848767795421312,23.3
DNK,2013,10.858429430246288,22.9
DNK,2014,10.866057920734086,23.0
DNK,2015,10.879819458138824,23.3
DNK,2016,10.9022832621249,23.1
DNK,2017,10.925956727766048,22.799999999999997
DNK,2018,10.939427547508824,23.1
DNK,2019,10.952815452764716,23.5
DNK,2020,10.93193763621599,23.4
DNK,2021,10.990580679753318,23.1
DNK,2022,10.987134160931975,22.6
DNK,2023,10.985749980450018,22.6
DOM,1986,7.907495327147015,12.5
DOM,1989,8.004726805602205,12.100000000000001
DOM,1992,8.002896986243554,12.399999999999999
DOM,1996,8.137251376347463,13.100000000000001
DOM,1997,8.205084043170112,12.5
DOM,2000,8.324361976722292,11.4
DOM,2001,8.333026165468969,12.2
DOM,2002,8.36189561307953,12.100000000000001
DOM,2003,8.333911220254402,11.5
DOM,2004,8.345695352172381,11.7
DOM,2005,8.422717568691741,12.2
DOM,2006,8.497952706400847,11.6
DOM,2007,8.557333675012996,12.8
DOM,2008,8.577144956264481,13.2
DOM,2009,8.574452067694693,12.9
DOM,2010,8.642319216205266,13.1
DOM,2011,8.661046584483083,13.3
DOM,2012,8.675955893763161,13.9
DOM,2013,8.711942864856029,13.5
DOM,2014,8.76877306832018,14.4
DOM,2015,8.824818042218277,14.3
DOM,2016,8.87874176696129,14.0
DOM,2017,8.906447583754677,16.1
DOM,2018,8.964274338056054,15.600000000000001
DOM,2019,9.00172162213943,16.1
DOM,2020,8.908677478547647,16.9
DOM,2021,9.029406464326538,17.7
DOM,2022,9.070864019724837,17.9
DOM,2023,9.083638559314252,17.2
DOM,2024,9.123523978409294,16.799999999999997
ECU,1987,8.238991974700127,11.399999999999999
ECU,1994,8.315649839551714,11.0
ECU,1995,8.318909885814428,12.0
ECU,1998,8.355154966713103,12.1
ECU,1999,8.288834297845295,9.1
ECU,2000,8.282330942924474,10.0
ECU,2003,8.347640876056564,10.6
ECU,2004,8.396208401073688,10.5
ECU,2005,8.431488994320295,10.7
ECU,2006,8.456801913123694,11.4
ECU,2007,8.458568582904595,10.9
ECU,2008,8.505100802337594,11.899999999999999
ECU,2009,8.498894143856889,12.6
ECU,2010,8.521624109159822,12.5
ECU,2011,8.586617988892254,13.4
ECU,2012,8.626918292108286,13.3
ECU,2013,8.681575078092347,13.2
ECU,2014,8.708646547394471,14.100000000000001
ECU,2015,8.695533446764424,13.7
ECU,2016,8.674049216381379,14.100000000000001
ECU,2017,8.716744220594295,14.100000000000001
ECU,2018,8.709975776667743,13.799999999999999
ECU,2019,8.694734906925728,13.6
ECU,2020,8.585914703255183,13.0
ECU,2021,8.66821236299871,13.6
ECU,2022,8.717271976290036,13.8
ECU,2023,8.726709881444197,14.0
ECU,2024,8.69847203437044,13.399999999999999
ECU,2025,8.726575513672413,13.7
EGY,1990,7.586873458191159,21.2
EGY,1995,7.6376392785571525,22.5
EGY,1999,7.767206523053944,22.0
EGY,2004,7.853380872645033,21.7
EGY,2008,8.02362217321319,22.2
EGY,2010,8.081427176435344,22.5
EGY,2012,8.077444647624214,23.4
EGY,2015,8.103791147239486,21.9
EGY,2017,8.146972520522551,21.8
EGY,2019,8.216424429768118,21.8
EGY,2021,8.252529465257624,23.2
ESP,1980,9.608203773692113,19.0
ESP,1985,9.65168986735926,19.4
ESP,1990,9.861350674786204,20.4
ESP,1993,9.872744446053932,18.3
ESP,1994,9.891535846026347,18.4
ESP,1995,9.914323787594775,18.3
ESP,1996,9.93589860738898,17.7
ESP,1997,9.966951958998637,18.4
ESP,1998,10.004933619310549,18.799999999999997
ESP,1999,10.044024793043178,19.4
ESP,2000,10.090252632779737,19.200000000000003
ESP,2003,10.145694845257607,20.2
ESP,2004,10.159110322815067,19.4
ESP,2005,10.177113069806827,19.8
ESP,2006,10.199847815939053,19.2
ESP,2007,10.216062049970796,18.9
ESP,2008,10.207751124941538,18.9
ESP,2009,10.160484139040701,18.5
ESP,2010,10.156820836433829,18.3
ESP,2011,10.146847683412647,17.8
ESP,2012,10.11712883089339,18.0
ESP,2013,10.106369454011844,17.4
ESP,2014,10.124542975250144,17.5
ESP,2015,10.165176266554539,17.6
ESP,2016,10.193139342327708,17.8
ESP,2017,10.219256993809829,18.4
ESP,2018,10.238412970115375,18.4
ESP,2019,10.250667944350491,18.5
ESP,2020,10.129707163242017,18.1
ESP,2021,10.192619682417382,18.700000000000003
ESP,2022,10.247187511200723,19.1
ESP,2023,10.259714515507623,19.1
EST,1993,8.81084146234178,17.2
EST,1995,8.877792874291018,21.0
EST,1998,9.126951734890294,18.0
EST,2000,9.21101710574961,18.6
EST,2001,9.274529973063835,18.6
EST,2002,9.347896602878398,18.6
EST,2003,9.427388918715423,18.1
EST,2004,9.499161429013615,19.9
EST,2005,9.59584886294519,20.1
EST,2006,9.69489482293567,20.2
EST,2007,9.772436862056837,21.0
EST,2008,9.722504965252952,20.8
EST,2009,9.566254604254663,21.0
EST,2010,9.592737434433703,20.4
EST,2011,9.669088541910629,20.3
EST,2012,9.70873004978842,20.2
EST,2013,9.729701425205867,19.0
EST,2014,9.765011771172404,19.3
EST,2015,9.782570874036644,20.0
EST,2016,9.81274124557614,20.5
EST,2017,9.866347008624501,20.9
EST,2018,9.899195630013553,20.9
EST,2019,9.932068968224876,21.0
EST,2020,9.90083131269748,21.1
EST,2021,9.979089607962248,20.4
EST,2022,9.95338660136682,20.1
EST,2023,9.90978632598162,21.3
ETH,1995,5.447730200346377,16.2
ETH,1999,5.48315538475389,22.299999999999997
ETH,2004,5.5907015419850365,22.4
ETH,2010,6.04476505384559,20.6
ETH,2015,6.39344377528803,19.4
ETH,2021,6.672864270197742,21.1
FIN,1987,10.254582701150582,26.0
FIN,1991,10.285034808846994,25.6
FIN,1995,10.305296797077705,25.6
FIN,2000,10.54198322818293,23.6
FIN,2003,10.597608857738258,23.3
FIN,2004,10.633977792119145,23.200000000000003
FIN,2005,10.657949721074669,23.3
FIN,2006,10.693520849629339,23.0
FIN,2007,10.741031351305585,22.9
FIN,2008,10.744189564154127,23.1
FIN,2009,10.65519872389004,23.200000000000003
FIN,2010,10.681815110699374,23.0
FIN,2011,10.700802242658,23.200000000000003
FIN,2012,10.680698603596396,23.4
FIN,2013,10.666245645191548,23.3
FIN,2014,10.657317894845738,23.5
FIN,2015,10.658678246085698,23.4
FIN,2016,10.68119819509062,23.4
FIN,2017,10.711351303153466,23.4
FIN,2018,10.721884069873319,23.3
FIN,2019,10.734189259287104,23.1
FIN,2020,10.70752697299843,23.5
FIN,2021,10.731865674190225,23.200000000000003
FIN,2022,10.736747683651803,23.1
FIN,2023,10.718774518542816,23.2
FRA,1970,9.747819178900341,18.1
FRA,1975,9.899698995378332,18.799999999999997
FRA,1979,10.034175228434984,19.6
FRA,1984,10.090050834547268,19.9
FRA,1990,10.239708870077546,20.5
FRA,1996,10.298356000726578,20.2
FRA,1997,10.319744975933151,20.299999999999997
FRA,1998,10.349982869744483,20.6
FRA,1999,10.378252352768595,20.1
FRA,2000,10.41196455938631,20.2
FRA,2001,10.423491143620433,20.2
FRA,2002,10.426841714324294,20.7
FRA,2003,10.429417063317526,21.0
FRA,2004,10.450369670643694,21.3
FRA,2005,10.46156035781355,21.799999999999997
FRA,2006,10.481375840933726,21.7
FRA,2007,10.500183536717612,20.799999999999997
FRA,2008,10.498397836691959,20.5
FRA,2009,10.46461223230059,20.4
FRA,2010,10.479488279806773,20.1
FRA,2011,10.498745023373234,20.3
FRA,2012,10.495744539126457,20.5
FRA,2013,10.498362554628631,20.7
FRA,2014,10.503542950822526,20.7
FRA,2015,10.510598309049092,20.700000000000003
FRA,2016,10.516523159928422,20.9
FRA,2017,10.534243183775834,21.1
FRA,2018,10.546983342576375,20.9
FRA,2019,10.563729425368221,20.9
FRA,2020,10.483163766260127,21.2
FRA,2021,10.546153139940396,20.8
FRA,2022,10.567935067766882,20.9
FRA,2023,10.579473701890324,20.6
GBR,1968,9.84164892955919,23.6
GBR,1969,9.85669665738178,23.1
GBR,1970,9.879434919055969,22.9
GBR,1971,9.895105365475754,22.299999999999997
GBR,1972,9.927336448650737,22.3
GBR,1973,9.995988963892128,22.5
GBR,1974,9.978418723406538,22.5
GBR,1975,9.97170124353255,22.9
GBR,1976,9.999607739649743,22.9
GBR,1977,10.023295039751096,23.2
GBR,1978,10.056708845131288,23.0
GBR,1979,10.082908811273999,23.0
GBR,1980,10.059681685874784,22.6
GBR,1981,10.046010529294433,21.9
GBR,1982,10.067083608355079,21.7
GBR,1983,10.102344714891201,21.799999999999997
GBR,1984,10.127120880115712,22.0
GBR,1985,10.160212541006658,21.4
GBR,1986,10.197235701286083,20.7
GBR,1987,10.239720112590565,19.8
GBR,1988,10.28659532256088,19.6
GBR,1989,10.306550317089005,19.799999999999997
GBR,1990,10.311323466784343,18.7
GBR,1991,10.295222343281756,19.0
GBR,1992,10.305382216834882,18.8
GBR,1993,10.337294276206352,18.8
GBR,1994,10.383094771593255,18.6
GBR,1995,10.41517329011568,18.7
GBR,1996,10.43844014324964,18.799999999999997
GBR,1997,10.483511123360252,18.7
GBR,1998,10.51254441599142,18.4
GBR,1999,10.53822977803471,18.3
GBR,2000,10.578906935959393,17.8
GBR,2001,10.598686026147227,18.3
GBR,2002,10.611398533105135,19.1
GBR,2003,10.638420192766988,19.1
GBR,2004,10.655724551877935,19.2
GBR,2005,10.676382694300225,18.9
GBR,2006,10.690694098683508,18.8
GBR,2007,10.711795251008132,19.2
GBR,2008,10.703430685941642,18.8
GBR,2009,10.648907150700913,19.1
GBR,2010,10.663421993615653,19.7
GBR,2011,10.664085262516195,19.9
GBR,2012,10.672129437639674,19.9
GBR,2013,10.68248836713804,20.0
GBR,2014,10.706129570954941,19.8
GBR,2015,10.720091425900469,19.7
GBR,2016,10.733974395454329,19.700000000000003
GBR,2017,10.758316647036539,20.0
GBR,2018,10.768826194480233,19.5
GBR,2019,10.776179814785435,19.7
GBR,2020,10.668607408899039,19.9
GBR,2021,10.747024927230289,20.1
GEO,1996,7.079288185532387,17.4
GEO,1997,7.211396958204062,15.5
GEO,1998,7.2666830359156025,15.7
GEO,1999,7.315526384744354,16.0
GEO,2000,7.3532091874893375,16.0
GEO,2001,7.415674798754026,16.7
GEO,2002,7.47794186249235,17.6
GEO,2003,7.589569196739825,17.7
GEO,2004,7.65207299240279,17.8
GEO,2005,7.750012245177596,17.4
GEO,2006,7.845734128141321,17.7
GEO,2007,7.969405137405952,17.3
GEO,2008,7.996370625261619,17.0
GEO,2009,7.968061876581072,17.1
GEO,2010,8.035947449482942,16.4
GEO,2011,8.120321950975983,16.4
GEO,2012,8.19140232888114,16.700000000000003
GEO,2013,8.244466988701284,16.9
GEO,2014,8.28408788641567,17.6
GEO,2015,8.315474075721646,18.0
GEO,2016,8.34879620797026,18.2
GEO,2017,8.398974235046817,17.4
GEO,2018,8.45821858661897,18.0
GEO,2019,8.51234374824076,18.5
GEO,2020,8.446686872355555,19.0
GEO,2021,8.551633004229327,19.1
GEO,2022,8.65457046590989,19.3
GEO,2023,8.72917396650096,19.0
GEO,2024,8.79578775566817,19.5
GHA,1987,6.689511715817729,18.7
GHA,1988,6.720241129084021,18.5
GHA,1991,6.778370368168698,17.5
GHA,1998,6.89993106750372,16.1
GHA,2005,7.041684408174118,15.100000000000001
GHA,2012,7.402781174330231,15.200000000000001
GHA,2016,7.462106386506756,14.3
GIN,1991,6.292721711139453,12.1
GIN,1994,6.320701353675846,14.0
GIN,2002,6.477825789345846,15.600000000000001
GIN,2007,6.5127834197966274,17.0
GIN,2012,6.578564749774563,19.799999999999997
GIN,2018,6.802291789183961,21.6
GNB,1991,6.372612225265042,8.8
GNB,1993,6.341875037910797,15.1
GNB,2002,6.386947558030213,19.1
GNB,2010,6.439197048309351,12.8
GNB,2018,6.5315433242342085,19.4
GNB,2021,6.5922180046582115,19.8
GRC,1995,9.67139256849239,17.8
GRC,2000,9.798288493921106,18.7
GRC,2002,9.88064707061025,18.5
GRC,2003,9.93461094105719,19.6
GRC,2004,9.984519236978075,19.4
GRC,2005,9.993352323137543,18.9
GRC,2006,10.05279218530422,18.6
GRC,2007,10.08471240855404,19.3
GRC,2008,10.08263240532506,19.6
GRC,2009,10.037936915266377,19.5
GRC,2010,9.97802548337689,19.0
GRC,2011,9.875512669062738,18.299999999999997
GRC,2012,9.793932811716232,17.5
GRC,2013,9.77820074620124,17.700000000000003
GRC,2014,9.792752913444167,17.8
GRC,2015,9.797055898070218,17.6
GRC,2016,9.800897030118499,18.5
GRC,2017,9.81749865878462,18.9
GRC,2018,9.83996392753441,19.6
GRC,2019,9.863533720531763,19.6
GRC,2020,9.769210243689429,19.2
GRC,2021,9.864293860796053,19.6
GRC,2022,9.930640789735907,19.7
GRC,2023,9.954696921932085,19.8
GTM,1986,7.885759056994575,9.8
GTM,1989,7.91372517805622,8.0
GTM,1998,8.035919064777675,11.600000000000001
GTM,2000,8.06020335773018,10.9
GTM,2006,8.128039815933025,10.1
GTM,2014,8.24528363451438,13.1
GTM,2023,8.404932288649032,13.9
HND,1989,5.9630256461466695,9.5
HND,1990,6.126827786079542,9.4
HND,1991,6.329944752694043,11.4
HND,1992,6.388038581740054,11.7
HND,1993,6.487485867726333,11.0
HND,1994,6.713917677025086,10.1
HND,1995,6.906110491243271,9.9
HND,1996,7.08455185871165,9.7
HND,1997,7.258926875145865,10.9
HND,1998,7.341974948869521,8.600000000000001
HND,1999,7.4252264669323385,9.2
HND,2001,7.48951725423363,8.9
HND,2002,7.499961637894678,9.1
HND,2003,7.518768713105256,8.3
HND,2004,7.554287415846978,8.3
HND,2005,7.588757243651944,7.5
HND,2006,7.628777765251771,8.1
HND,2007,7.6658449958021375,9.3
HND,2008,7.6848515706753915,9.4
HND,2009,7.638346883988053,10.8
HND,2010,7.653719336371345,10.2
HND,2011,7.670690920319553,10.4
HND,2012,7.6909231236638504,10.0
HND,2013,7.698664751950635,11.3
HND,2014,7.709419463290649,11.4
HND,2015,7.728064776258591,11.600000000000001
HND,2016,7.747480178426329,10.9
HND,2017,7.776272403264893,11.4
HND,2018,7.7957021053986795,11.4
HND,2019,7.802869969930534,11.6
HND,2023,7.834896397263408,12.1
HND,2024,7.85372939247482,12.7
HRV,1998,9.056916327025583,22.1
HRV,1999,9.05269579320283,23.0
HRV,2000,9.09161065112197,21.0
HRV,2001,9.160722215315799,21.0
HRV,2004,9.311011376440927,21.799999999999997
HRV,2008,9.47043393506152,20.4
HRV,2009,9.400936311686397,19.7
HRV,2010,9.389752826070092,19.8
HRV,2011,9.392089574727283,19.6
HRV,2012,9.374208146049614,19.6
HRV,2013,9.379108447129262,19.9
HRV,2014,9.381161178832615,19.9
HRV,2015,9.416042708105977,20.4
HRV,2016,9.460980308816126,20.5
HRV,2017,9.509360757335081,20.700000000000003
HRV,2018,9.551164535233514,21.4
HRV,2019,9.591640754590063,21.7
HRV,2020,9.513827402634133,21.3
HRV,2021,9.641816648072357,21.799999999999997
HRV,2022,9.718261785319784,21.3
HRV,2023,9.754143246574452,21.2
HUN,1987,9.071058230130761,26.8
HUN,1989,9.090165218440077,24.6
HUN,1991,8.938353193850011,22.1
HUN,1993,8.902986091856473,23.5
HUN,1994,8.933400530910587,20.0
HUN,1998,9.023752229651365,23.6
HUN,1999,9.056978804837003,21.700000000000003
HUN,2000,9.102725738372246,23.4
HUN,2001,9.144836471082037,23.4
HUN,2002,9.19390003223576,23.4
HUN,2003,9.235396227928526,21.1
HUN,2004,9.286049537171168,21.8
HUN,2005,9.330142216715485,19.6
HUN,2006,9.370284620027851,22.5
HUN,2007,9.375151804223755,22.5
HUN,2008,9.386788127288737,22.700000000000003
HUN,2009,9.318556539942156,23.0
HUN,2010,9.331439562362826,21.6
HUN,2011,9.353258883634082,21.9
HUN,2012,9.344937894871526,20.9
HUN,2013,9.369868460150887,20.6
HUN,2014,9.416327831067596,20.799999999999997
HUN,2015,9.455866846819694,21.1
HUN,2016,9.48384663995505,21.2
HUN,2017,9.527647575569224,21.1
IDN,1984,7.083044321947273,20.700000000000003
IDN,1987,7.15158915755573,22.0
IDN,1990,7.293642125980137,21.7
IDN,1993,7.434320833173176,21.6
IDN,1996,7.611343502315614,20.4
IDN,1998,7.484481274835612,21.9
IDN,1999,7.477329696065892,22.2
IDN,2000,7.511033910001544,22.2
IDN,2001,7.532940336868642,21.9
IDN,2002,7.56339494454081,22.5
IDN,2003,7.596853375586996,22.6
IDN,2004,7.633227420160034,21.9
IDN,2005,7.6757537775135924,22.299999999999997
IDN,2006,7.716051015834325,21.4
IDN,2007,7.7643609115767465,20.6
IDN,2008,7.809785586289368,20.8
IDN,2009,7.842365066469774,20.6
IDN,2010,7.890138165690505,19.7
IDN,2011,7.937240647144549,18.4
IDN,2012,7.982934630154651,18.8
IDN,2013,8.024614233453086,18.0
IDN,2014,8.061714295302249,18.0
IDN,2015,8.09810248419129,18.4
IDN,2016,8.136462661371946,18.5
IDN,2017,8.175693938429035,18.6
IDN,2018,8.21644521178391,18.700000000000003
IDN,2019,8.25606300168653,19.1
IDN,2020,8.226693570902942,19.1
IDN,2021,8.256007313238973,19.2
IDN,2022,8.300258389089292,19.5
IDN,2023,8.341086842622474,19.5
IDN,2024,8.382048479458371,19.9
IDN,2025,8.424020448251365,20.200000000000003
IND,1977,5.980007431343878,22.4
IND,1983,6.069418695377619,23.4
IND,1987,6.15105033628222,23.4
IND,1993,6.3339417043660005,24.299999999999997
IND,2004,6.794134759426066,23.6
IND,2009,7.051943612797376,23.7
IND,2011,7.155872803144619,23.1
IND,2022,7.64884047252486,24.6
IRL,1987,9.866887011152564,18.6
IRL,1994,10.175943385987138,18.4
IRL,1995,10.262797638206795,18.3
IRL,1996,10.326085188278505,19.0
IRL,2000,10.659597334815277,20.2
IRL,2002,10.735841917249259,20.4
IRL,2003,10.749245557098549,20.2
IRL,2004,10.796639103723713,20.0
IRL,2005,10.830663076992838,20.1
IRL,2006,10.852377498467067,20.3
IRL,2007,10.875207217259875,21.0
IRL,2008,10.80894298253408,21.2
IRL,2009,10.746484306991263,20.3
IRL,2010,10.757725130159226,20.299999999999997
IRL,2011,10.76932501970944,20.2
IRL,2012,10.76102906285345,20.0
IRL,2013,10.777455886695826,19.8
IRL,2014,10.859856708820013,20.700000000000003
IRL,2015,11.070539158679278,20.9
IRL,2016,11.06985162828991,20.5
IRL,2017,11.15265294469854,21.4
IRL,2018,11.212212931086379,21.799999999999997
IRL,2019,11.244858235578402,21.9
IRL,2020,11.301314364517266,22.3
IRL,2021,11.437999659259562,22.3
IRL,2022,11.490613766591297,22.1
IRL,2023,11.446165431356981,22.6
IRN,1986,8.08174879095022,13.2
IRN,1990,8.077819953797071,14.8
IRN,1994,8.145624909929019,15.2
IRN,1998,8.2173212921071,14.5
IRN,2005,8.44469957408565,14.899999999999999
IRN,2006,8.471943379078233,14.1
IRN,2009,8.521960438739798,15.100000000000001
IRN,2011,8.57955911181092,19.1
IRN,2012,8.528854212287344,19.4
IRN,2013,8.500448359868757,19.6
IRN,2014,8.535662223403056,19.2
IRN,2015,8.507694936536325,19.0
IRN,2016,8.57783988349113,18.7
IRN,2017,8.593272332655868,18.200000000000003
IRN,2018,8.542319847097776,18.0
IRN,2019,8.507639033619936,18.3
IRN,2020,8.543411333963832,18.6
IRN,2021,8.575579586906029,18.7
IRN,2022,8.606176942485563,19.1
IRN,2023,8.646086538386578,18.7
ISL,2003,10.71639187687901,23.8
ISL,2004,10.781073040524634,23.4
ISL,2005,10.833176942954799,22.799999999999997
ISL,2006,10.86486882264863,22.3
ISL,2007,10.92336971907279,22.7
ISL,2008,10.92162728673776,21.6
ISL,2009,10.831332963583085,22.9
ISL,2010,10.81030326733911,23.9
ISL,2011,10.820954198083005,23.4
ISL,2012,10.827258472027884,23.5
ISL,2013,10.853137383566025,24.3
ISL,2014,10.860969666254384,23.200000000000003
ISL,2015,10.8875434021307,23.7
ISL,2016,10.933986812313744,23.5
ISL,2017,10.944788122065628,23.9
ISL,2018,10.963560869920638,23.4
ISL,2019,10.952889381082931,23.700000000000003
ISR,1979,9.838226004970824,17.8
ISR,1986,9.923304738525722,17.6
ISR,1992,10.071077778875997,18.3
ISR,1997,10.208919470437998,16.799999999999997
ISR,2001,10.268270921364092,16.3
ISR,2002,10.246600363683719,15.8
ISR,2003,10.24278883351691,15.2
ISR,2004,10.27055855276798,14.600000000000001
ISR,2005,10.295534597203016,14.5
ISR,2006,10.332260113175682,14.600000000000001
ISR,2007,10.37571716308418,14.9
ISR,2008,10.38960325878136,14.7
ISR,2009,10.37782909221301,14.1
ISR,2010,10.413525999508337,14.399999999999999
ISR,2011,10.448713180591845,14.600000000000001
ISR,2012,10.45406523667223,14.7
ISR,2013,10.475491751594292,15.6
ISR,2014,10.492803195240448,15.4
ISR,2015,10.49510397493118,15.6
ISR,2016,10.51986199451407,15.7
ISR,2017,10.542997159561487,16.1
ISR,2018,10.563465930341833,16.1
ISR,2019,10.579540405100516,16.2
ISR,2020,10.543718568236718,16.4
ISR,2021,10.616149063410235,16.4
ISR,2022,10.658183042926506,16.0
ITA,1977,9.879348379361527,19.3
ITA,1978,9.907672792657602,19.7
ITA,1979,9.962664866980612,19.5
ITA,1980,9.994329896904684,19.9
ITA,1981,10.001536193275344,20.700000000000003
ITA,1982,10.00492270247099,21.700000000000003
ITA,1983,10.016183966698364,21.4
ITA,1984,10.047709600912873,20.5
ITA,1986,10.103161035368542,20.5
ITA,1987,10.134479747242512,18.7
ITA,1989,10.207656856537419,20.2
ITA,1991,10.241057949676414,20.7
ITA,1993,10.239510863295493,18.1
ITA,1995,10.289032939038652,18.3
ITA,1998,10.338258222585209,17.8
ITA,2000,10.39236407133272,18.4
ITA,2002,10.412334643742938,18.700000000000003
ITA,2003,10.407595760382595,18.8
ITA,2004,10.414782300707424,19.200000000000003
ITA,2005,10.41654095710411,19.2
ITA,2006,10.430374973291826,19.3
ITA,2007,10.438808040299792,19.7
ITA,2008,10.420811041774327,19.3
ITA,2009,10.36050294365907,19.1
ITA,2010,10.371256009460247,18.9
ITA,2011,10.374724896986937,18.6
ITA,2012,10.34023860303618,18.6
ITA,2013,10.319893331311004,18.5
ITA,2014,10.319728682843698,18.5
ITA,2015,10.330057804498121,18.0
ITA,2016,10.344245132051489,18.2
ITA,2017,10.362035906529954,18.0
ITA,2018,10.372354339411459,18.299999999999997
ITA,2019,10.379113910254729,18.6
ITA,2020,10.291121252629488,18.4
ITA,2021,10.381822291048463,18.6
ITA,2022,10.430930932943047,19.1
ITA,2023,10.440615759301478,18.9
JAM,1988,8.37487001433641,15.200000000000001
JAM,1990,8.470861982746346,16.4
JAM,1993,8.598469139934071,18.5
JAM,1996,8.604323341558661,17.0
JAM,1999,8.554102735193771,15.3
JAM,2002,8.576570275281398,13.2
JAM,2004,8.61381185135065,14.5
JAM,2018,8.651352723657938,19.0
JAM,2021,8.63185202428082,16.0
JOR,1986,8.457177535177271,18.5
JOR,1992,8.178846214202164,15.7
JOR,1997,8.183690193481418,19.0
JOR,2002,8.288887309809377,18.5
JOR,2006,8.433065454961849,20.2
JOR,2008,8.497476790473112,20.8
JOR,2010,8.530404970293183,20.299999999999997
JPN,2008,10.43436846328704,18.7
JPN,2009,10.373299251032167,19.6
JPN,2010,10.413651574637631,20.4
JPN,2011,10.41349825111993,19.5
JPN,2012,10.43145023015675,19.9
JPN,2013,10.452668875283202,20.299999999999997
JPN,2014,10.463014184373353,20.7
JPN,2015,10.481915130021003,20.9
JPN,2016,10.489451635006422,20.2
JPN,2017,10.506374513703035,20.2
JPN,2018,10.515950155308118,19.6
JPN,2019,10.514265067548665,19.6
JPN,2020,10.473429829569152,19.8
KAZ,1993,8.34833141258714,19.8
KAZ,1996,8.18405872183327,18.4
KAZ,2001,8.481053681107872,18.1
KAZ,2002,8.569348929876957,19.0
KAZ,2003,8.652498608213037,19.4
KAZ,2004,8.737660267160361,20.7
KAZ,2005,8.822824933568548,16.200000000000003
KAZ,2006,8.91602258117973,22.0
KAZ,2007,8.99179572921663,21.9
KAZ,2008,9.013902261750278,22.9
KAZ,2009,9.014130715501834,22.8
KAZ,2010,9.071619141679536,23.0
KAZ,2011,9.129488401414495,22.9
KAZ,2012,9.162400897365673,22.700000000000003
KAZ,2013,9.20630482703776,23.4
KAZ,2014,9.232758209369432,23.6
KAZ,2015,9.22976279225756,23.7
KAZ,2016,9.225369202550446,23.4
KAZ,2017,9.249971757006811,23.4
KAZ,2018,9.275211214279073,23.3
KAZ,2019,9.304712300109017,23.200000000000003
KAZ,2020,9.265305335782502,23.0
KAZ,2021,9.294073939503082,22.9
KEN,1992,7.135638545059951,10.2
KEN,1994,7.106429164142582,15.2
KEN,1997,7.1116715011292895,15.0
KEN,2005,7.1094278780513624,14.1
KEN,2015,7.305940350326721,16.5
KEN,2020,7.383575795278356,18.7
KEN,2021,7.4377337794223415,18.2
KEN,2022,7.465959778972922,18.0
KGZ,1998,6.514798980701419,13.3
KGZ,2000,6.576946937537752,21.299999999999997
KGZ,2001,6.619304617323415,21.6
KGZ,2002,6.609946101559569,21.5
KGZ,2003,6.667402589947659,22.6
KGZ,2004,6.723209775784868,19.3
KGZ,2005,6.710169233736901,20.700000000000003
KGZ,2006,6.729988963282616,18.2
KGZ,2007,6.802425834949683,19.6
KGZ,2008,6.8735881449924054,21.0
KGZ,2009,6.8887976173607335,22.1
KGZ,2010,6.8698091346426935,22.0
KGZ,2011,6.913223479268187,23.2
KGZ,2012,6.893501460859957,23.5
KGZ,2013,6.975212079410454,22.6
KGZ,2014,6.992631341580301,23.8
KGZ,2015,7.008190429517273,22.9
KGZ,2016,7.028481677609842,23.9
KGZ,2017,7.05374367287057,23.6
KGZ,2018,7.069084086759415,23.4
KGZ,2019,7.091639792303957,22.799999999999997
KGZ,2020,6.996982051067232,22.5
KGZ,2021,7.032231137099607,22.8
KGZ,2022,7.100174125481829,23.8
KGZ,2023,7.168778063161089,23.6
KGZ,2024,7.260934492522644,23.2
KOR,2006,10.050276314587203,20.2
KOR,2008,10.12400925527797,20.0
KOR,2010,10.18953261252483,20.2
KOR,2012,10.237959805487082,20.3
KOR,2014,10.29115092240545,20.6
KOR,2016,10.341916896889888,18.4
KOR,2017,10.372862944802542,18.5
KOR,2018,10.399794957607943,19.1
KOR,2019,10.41919060373782,19.5
KOR,2020,10.410784855878186,19.9
KOR,2021,10.45716976361207,19.8
LAO,1992,6.493199771034531,20.1
LAO,1997,6.708335396976584,20.1
LAO,2002,6.902232297322216,21.0
LAO,2007,7.170954560494024,19.8
LAO,2012,7.481350527080471,19.2
LAO,2018,7.807907989198822,17.8
LAO,2024,7.908783443491152,19.9
LKA,1985,7.117800768224551,20.700000000000003
LKA,1990,7.236043774009545,21.2
LKA,1995,7.427352635756623,19.7
LKA,2002,7.5762127743406955,17.5
LKA,2006,7.794142825368151,17.7
LKA,2009,7.932819158525343,19.4
LKA,2012,8.156163201997577,18.3
LKA,2016,8.346343462186052,17.9
LKA,2019,8.401957832447152,18.5
LTU,1993,8.557652100471223,20.5
LTU,1996,8.55854629325402,20.4
LTU,1998,8.724885578954783,20.5
LTU,1999,8.720949774436969,20.6
LTU,2000,8.761598486059869,20.6
LTU,2001,8.832664315821049,20.4
LTU,2002,8.905728864712287,20.4
LTU,2003,9.014166517130162,18.9
LTU,2004,9.088390340225851,17.7
LTU,2005,9.179145691791812,18.9
LTU,2006,9.266457395918302,19.4
LTU,2007,9.383398700866026,19.2
LTU,2008,9.419346031266365,18.799999999999997
LTU,2009,9.269827443918208,17.5
LTU,2010,9.29505977471369,19.0
LTU,2011,9.378961846276315,19.9
LTU,2012,9.43481251284963,18.8
LTU,2013,9.483858122194823,18.7
LTU,2014,9.529026046974057,17.6
LTU,2015,9.565900974414994,17.7
LTU,2016,9.603942536356517,17.4
LTU,2017,9.66116113904556,17.9
LTU,2018,9.717453240633645,18.6
LTU,2019,9.766047038279611,19.0
LTU,2020,9.766731266286294,19.1
LTU,2021,9.829425937275333,18.7
LTU,2022,9.845532261123843,18.6
LTU,2023,9.838891977222683,18.4
LUX,1985,10.777881617201334,23.7
LUX,1986,10.868559063728112,22.7
LUX,1987,10.90082746244883,22.0
LUX,1988,10.97481283557337,22.4
LUX,1989,11.058559247052292,22.0
LUX,1990,11.097874274297443,23.0
LUX,1991,11.167385497067487,23.1
LUX,1992,11.172134993588744,23.200000000000003
LUX,1993,11.199859263441622,23.299999999999997
LUX,1994,11.223738181740028,22.6
LUX,1995,11.223911168497406,22.5
LUX,1996,11.22418366269885,22.1
LUX,1997,11.26442822854804,21.9
LUX,1998,11.31659861764709,21.200000000000003
LUX,1999,11.381683022732027,21.5
LUX,2000,11.435322122859983,21.5
LUX,2001,11.453697220234687,21.3
LUX,2002,11.474964292429998,21.3
LUX,2003,11.488667636688167,21.5
LUX,2004,11.51589063447312,21.4
LUX,2005,11.525112002873286,21.2
LUX,2006,11.567587241751982,21.1
LUX,2007,11.630016229895714,21.200000000000003
LUX,2008,11.609113956065205,20.4
LUX,2009,11.557670527263427,20.7
LUX,2010,11.576330734059738,21.1
LUX,2011,11.564492839082202,20.2
LUX,2012,11.556839934456814,19.1
LUX,2013,11.564952432522976,20.1
LUX,2014,11.567275399860009,20.8
LUX,2015,11.566106096767557,19.8
LUX,2016,11.593135409684555,20.299999999999997
LUX,2017,11.581910853760451,18.7
LUX,2018,11.578607031358436,18.5
LUX,2019,11.586100640467407,19.1
LUX,2020,11.564323485350888,19.4
LUX,2021,11.61614172076635,19.5
LUX,2022,11.584940256197747,18.9
LUX,2023,11.565733875261605,19.1
LVA,1993,8.403962089410827,23.2
LVA,1995,8.44712868899316,21.2
LVA,1996,8.481131546060839,21.0
LVA,1997,8.578848806479929,19.2
LVA,1998,8.651722193255763,20.0
LVA,2002,8.915060099049965,19.1
LVA,2003,9.005650724624015,18.5
LVA,2004,9.100216745757315,18.8
LVA,2005,9.22091057163862,17.200000000000003
LVA,2006,9.350751219120642,18.5
LVA,2007,9.457984591626825,17.4
LVA,2008,9.43401934025724,17.4
LVA,2009,9.275699666271167,18.200000000000003
LVA,2010,9.259213068197027,18.5
LVA,2011,9.30733234061311,18.5
LVA,2012,9.390243234974816,18.7
LVA,2013,9.421697828426328,18.7
LVA,2014,9.451848434321084,18.9
LVA,2015,9.49717022995096,19.4
LVA,2016,9.531505822621467,19.1
LVA,2017,9.573792587331301,18.4
LVA,2018,9.62377826726125,18.9
LVA,2019,9.637461682130624,19.299999999999997
LVA,2020,9.609165455290974,18.6
LVA,2021,9.684719913140645,19.2
LVA,2022,9.706339110292909,19.5
LVA,2023,9.694578733235156,19.6
MAR,1984,7.240007109229694,18.5
MAR,1990,7.435813450576074,17.0
MAR,1998,7.566176677859204,17.1
MAR,2000,7.579240196479818,16.8
MAR,2006,7.820035146049843,17.0
MAR,2013,8.009092367633745,17.4
MDA,1997,7.282629635255891,18.0
MDA,1998,7.215373507281999,16.8
MDA,1999,7.182680742652346,16.1
MDA,2000,7.205572569970748,18.4
MDA,2001,7.267020689738975,17.8
MDA,2002,7.344443959671323,18.4
MDA,2003,7.411173309972095,19.4
MDA,2004,7.485037775118744,19.200000000000003
MDA,2005,7.559791625206144,18.5
MDA,2006,7.609454437228825,18.799999999999997
MDA,2007,7.641330424911858,19.3
MDA,2008,7.718341390309488,19.3
MDA,2009,7.6577286177050174,19.799999999999997
MDA,2010,7.727319739910406,20.6
MDA,2011,7.784450123967318,21.4
MDA,2012,7.778666421877294,22.2
MDA,2013,7.865514311622449,22.6
MDA,2014,7.914910633093125,23.4
MDA,2015,7.9191930393679435,23.4
MDA,2016,7.976236439923537,24.1
MDA,2017,8.03441489110945,24.1
MDA,2018,8.091932263900603,24.4
MDA,2019,8.14284217837886,24.1
MDA,2020,8.06743661337088,24.6
MDA,2021,8.212884945475608,24.299999999999997
MDA,2022,8.191502705235212,24.299999999999997
MDA,2023,8.231740317629335,23.8
MDG,1980,6.529565819812493,13.8
MDG,1993,6.1657533721540725,15.3
MDG,1997,6.112139396040779,16.7
MDG,1999,6.131301247550797,16.9
MDG,2001,6.1704589395028915,13.4
MDG,2005,6.111368068303234,17.5
MDG,2010,6.103491365332874,16.299999999999997
MDG,2012,6.092760187621575,15.7
MDG,2021,6.067497155248701,18.7
MEX,1984,9.01285523199945,12.799999999999999
MEX,1989,8.959800676235025,12.7
MEX,1992,9.027650459502315,11.7
MEX,1994,9.062244044349661,11.0
MEX,1996,9.026496011129996,11.5
MEX,1998,9.12280834431784,10.7
MEX,2000,9.167638455470653,10.8
MEX,2002,9.131543764230113,12.0
MEX,2004,9.150727275536402,12.3
MEX,2005,9.15815376319475,11.899999999999999
MEX,2006,9.191547694779059,12.5
MEX,2008,9.192822036515162,11.8
MEX,2010,9.147301229756302,13.4
MEX,2012,9.188352169827196,12.8
MEX,2014,9.196493064363933,13.3
MEX,2016,9.2203404164037,14.0
MEX,2018,9.239595156557186,14.5
MEX,2020,9.130717301987913,14.8
MEX,2022,9.21166428748381,15.4
MEX,2024,9.23834784459323,15.6
MKD,1998,8.019000710347171,22.3
MKD,2000,8.096628457873,18.799999999999997
MKD,2002,8.083362757975165,16.9
MKD,2003,8.104074995499568,16.9
MKD,2004,8.15299442814708,16.9
MKD,2005,8.204552378676441,16.3
MKD,2006,8.260168736376048,15.2
MKD,2008,8.387665366133492,13.9
MKD,2009,8.390541044147287,14.299999999999999
MKD,2010,8.429970557594938,14.7
MKD,2011,8.457683132467706,15.3
MKD,2012,8.457029446518554,16.0
MKD,2013,8.48955081431236,17.2
MKD,2014,8.527885823401416,17.7
MKD,2015,8.568396958460816,17.299999999999997
MKD,2016,8.599684612434945,17.799999999999997
MKD,2017,8.614468462655624,18.0
MKD,2018,8.647939544764558,18.5
MKD,2019,8.693091623035492,18.1
MLI,1994,6.4615947447833255,12.8
MLI,2001,6.6424350963160546,16.6
MLI,2006,6.680980809962873,17.3
MLI,2009,6.688960680909535,20.1
MLI,2018,6.794562305987584,18.7
MLI,2021,6.771170669370656,19.1
MLT,2006,9.824401291158187,22.4
MLT,2007,9.870050528040338,21.700000000000003
MLT,2008,9.906704960601118,21.9
MLT,2009,9.885115144640713,21.4
MLT,2010,9.940332284113836,21.8
MLT,2011,9.945968392916484,22.0
MLT,2012,9.977174176781398,21.9
MLT,2013,10.026876520412557,22.2
MLT,2014,10.080212459903496,22.1
MLT,2015,10.147596557588672,21.9
MLT,2016,10.164678050753091,22.0
MLT,2017,10.259294747390365,21.9
MLT,2018,10.293391930920295,22.2
MLT,2019,10.292912977147441,21.299999999999997
MLT,2020,10.23501211678321,21.0
MLT,2021,10.355184099191574,21.200000000000003
MLT,2022,10.356071324875137,19.6
MLT,2023,10.417203511533016,20.6
MNE,2005,8.510708783202205,21.5
MNE,2006,8.591657749908888,21.3
MNE,2007,8.659219984894689,20.6
MNE,2008,8.724155764719773,21.4
MNE,2009,8.66019412347567,21.3
MNE,2010,8.685739488027894,21.799999999999997
MNE,2011,8.717789619015496,21.299999999999997
MNE,2012,8.69087357481033,14.4
MNE,2013,8.722294744745602,15.600000000000001
MNE,2014,8.743864627239612,15.7
MNE,2015,8.767329156720102,15.899999999999999
MNE,2016,8.80002079578283,16.4
MNE,2017,8.830675800193273,16.9
MNE,2018,8.876190925394813,16.8
MNE,2019,8.91868941734561,17.6
MNE,2020,8.756517427251728,17.9
MNE,2021,8.881600336407983,18.3
MNG,1995,7.312730235057171,19.4
MNG,1998,7.362440402770404,20.8
MNG,2002,7.426937897613762,19.7
MNG,2007,7.784774548051303,18.7
MNG,2010,7.86774639284731,19.9
MNG,2011,8.00996655907954,19.8
MNG,2012,8.107167188010816,19.6
MNG,2014,8.25071379070713,20.7
MNG,2016,8.247460953034002,20.4
MNG,2018,8.338988508131704,20.200000000000003
MNG,2022,8.344240143608863,20.799999999999997
MOZ,1996,5.425824026152221,11.600000000000001
MOZ,2002,5.829343686083938,14.8
MOZ,2008,6.133283708601263,14.8
MOZ,2014,6.372067668344984,11.8
MOZ,2019,6.425094800688096,12.7
MOZ,2022,6.390386010393377,13.3
MRT,1987,7.3068122704000205,13.7
MRT,1993,7.258774671128621,13.899999999999999
MRT,1995,7.2599591686008536,17.6
MRT,2000,7.176186323850898,16.8
MRT,2004,7.201930669790764,17.2
MRT,2008,7.325186322170231,18.0
MRT,2014,7.329391204921639,19.9
MRT,2019,7.383463830237113,20.3
MYS,1984,8.208046666965744,13.0
MYS,1987,8.162804057512634,13.6
MYS,1989,8.282436141873417,14.0
MYS,1992,8.460863634581017,13.100000000000001
MYS,1995,8.660661668195443,12.8
MYS,1997,8.776561664448847,12.5
MYS,2003,8.814764280155496,13.299999999999999
MYS,2006,8.918624935385537,14.1
MYS,2008,8.984207087579115,13.7
MYS,2011,9.036025375384428,14.600000000000001
MYS,2013,9.101061885413454,15.899999999999999
MYS,2015,9.17457637603625,15.899999999999999
MYS,2018,9.269570612593471,15.7
MYS,2021,9.248432247470918,16.1
NER,1992,6.097248717464506,19.1
NER,1994,6.05506709934062,16.3
NER,2005,6.009282193524459,15.6
NER,2007,6.02446191192748,19.1
NER,2011,6.075314455587776,21.6
NER,2014,6.179489076453245,19.6
NER,2018,6.241101429750416,19.0
NER,2021,6.255582563253701,21.1
NGA,1985,7.264679391618522,16.4
NGA,1992,7.359588716971446,12.9
NGA,1996,7.255663231207413,11.4
NGA,2003,7.448458786767408,16.1
NGA,2010,7.747366572588008,18.4
NGA,2012,7.784745308155398,18.5
NGA,2015,7.857764540382057,18.3
NGA,2018,7.796378193844972,18.7
NGA,2022,7.720590703201436,19.5
NIC,1993,7.069972219353498,8.7
NIC,1998,7.204946566177612,10.5
NIC,2001,7.301360450231303,11.6
NIC,2005,7.378688293137505,13.3
NIC,2009,7.411991413446985,14.899999999999999
NIC,2014,7.604221294344823,14.299999999999999
NLD,1983,10.171216020172121,22.700000000000003
NLD,1987,10.252937405043541,23.6
NLD,1990,10.351657757567878,21.3
NLD,1993,10.38275950969428,21.200000000000003
NLD,1999,10.578947143794764,22.6
NLD,2004,10.637371820838823,21.8
NLD,2005,10.65517124895427,22.2
NLD,2006,10.688326820533101,22.1
NLD,2007,10.72427001308344,22.200000000000003
NLD,2008,10.741323621474573,22.2
NLD,2009,10.698839368583005,22.8
NLD,2010,10.70681738979929,22.8
NLD,2011,10.719730738225008,22.9
NLD,2012,10.706203805516967,23.0
NLD,2013,10.702953141663102,22.700000000000003
NLD,2014,10.715351812192356,22.6
NLD,2015,10.73190428550867,22.8
NLD,2016,10.750536110988945,22.700000000000003
NLD,2017,10.772059348285007,22.6
NLD,2018,10.78855601392628,22.700000000000003
NLD,2019,10.804746364866567,22.299999999999997
NLD,2020,10.759743047727733,23.799999999999997
NLD,2021,10.815385306100119,24.0
NOR,1979,10.559083141312378,23.5
NOR,1986,10.790793840785764,24.6
NOR,1991,10.840215049143843,24.4
NOR,1995,10.97080768002996,24.0
NOR,2000,11.12153101574343,23.7
NOR,2003,11.151989472181164,23.5
NOR,2004,11.188470424309074,22.0
NOR,2005,11.210924628202102,22.5
NOR,2006,11.230945526453903,23.6
NOR,2007,11.254229274664855,23.5
NOR,2008,11.249960336556558,23.299999999999997
NOR,2009,11.221084799471472,23.8
NOR,2010,11.218627305853005,24.0
NOR,2011,11.219410881896332,23.9
NOR,2012,11.234124654060826,23.8
NOR,2013,11.234681922978936,23.5
NOR,2014,11.244140217509605,23.299999999999997
NOR,2015,11.25442610373778,23.1
NOR,2016,11.258449580291675,22.6
NOR,2017,11.276719163603925,23.200000000000003
NOR,2018,11.281160971684233,23.0
NOR,2019,11.289000480774247,22.9
NOR,2020,11.269413931231195,22.6
NOR,2021,11.304662387560173,22.700000000000003
NOR,2022,11.33567190472542,23.299999999999997
NOR,2023,11.32780954114185,23.5
PAK,1987,6.7916059087860425,20.6
PAK,1990,6.857392756379772,20.4
PAK,1996,6.954530686459436,23.5
PAK,1998,6.93391056496326,21.1
PAK,2001,6.964010536341795,23.200000000000003
PAK,2004,7.044901916101283,22.1
PAK,2005,7.0911043024781355,22.1
PAK,2007,7.14310852796464,22.799999999999997
PAK,2010,7.136240396308027,23.200000000000003
PAK,2011,7.1403196103313915,22.799999999999997
PAK,2013,7.177553996570383,22.7
PAK,2015,7.230179450828166,22.0
PAK,2018,7.3535185312701,22.7
PAK,2024,7.399451483539122,20.5
PAN,1979,8.474090180753084,11.8
PAN,1989,8.425772578586036,6.699999999999999
PAN,1991,8.551132080184205,7.2
PAN,1995,8.645833413502288,7.7
PAN,1997,8.719749740827606,7.9
PAN,1998,8.780321797364609,8.1
PAN,1999,8.81131291180725,8.6
PAN,2000,8.832901220551138,8.7
PAN,2001,8.822891396180937,8.3
PAN,2002,8.828373623286012,8.9
PAN,2003,8.858948825850266,9.1
PAN,2004,8.918485061185857,9.3
PAN,2005,8.979148437972452,9.600000000000001
PAN,2006,9.05461948066611,9.3
PAN,2007,9.159851639183033,10.3
PAN,2008,9.23874851160005,10.7
PAN,2009,9.236696314144593,11.1
PAN,2010,9.277818795181531,11.1
PAN,2011,9.372586666967182,11.2
PAN,2012,9.446857658683653,11.0
PAN,2013,9.490758425869842,11.0
PAN,2014,9.51867390848937,11.5
PAN,2015,9.552699166644704,11.4
PAN,2016,9.580117807598286,11.3
PAN,2017,9.618837255783216,11.5
PAN,2018,9.640540373769173,11.9
PAN,2019,9.655188457057458,11.7
PAN,2021,9.585547937980428,11.600000000000001
PAN,2023,9.73371617233685,12.100000000000001
PAN,2024,9.748161333338983,11.6
PER,1985,8.116066886178904,14.0
PER,1994,8.005893098859444,14.3
PER,1997,8.111073322278738,10.2
PER,1998,8.08896008703908,9.9
PER,1999,8.086526583387267,10.0
PER,2000,8.097509400669164,11.7
PER,2001,8.089992850389264,11.1
PER,2002,8.131162970700037,10.5
PER,2003,8.161315545801125,11.0
PER,2004,8.199904605893666,11.7
PER,2005,8.251959183297817,11.4
PER,2006,8.316633368645569,11.4
PER,2007,8.391128985115767,11.5
PER,2008,8.471887497983221,12.399999999999999
PER,2009,8.476615237408398,12.7
PER,2010,8.550123506290927,13.5
PER,2011,8.604005032808287,13.8
PER,2012,8.655222061188207,13.9
PER,2013,8.703085270909416,14.1
PER,2014,8.716686245139517,14.5
PER,2015,8.737406293698061,14.600000000000001
PER,2016,8.762842341065296,14.299999999999999
PER,2017,8.772985043676032,14.399999999999999
PER,2018,8.793785657037539,15.0
PER,2019,8.798795947456263,15.399999999999999
PER,2020,8.671086166197867,14.399999999999999
PER,2021,8.787368023895665,16.4
PER,2022,8.805568376673039,16.2
PER,2023,8.791057682517735,15.9
PER,2024,8.814668810861306,16.2
PHL,1985,7.338020674146574,16.5
PHL,1988,7.401253745259378,16.6
PHL,1991,7.412391888477497,15.200000000000001
PHL,1994,7.411402885730488,15.4
PHL,1997,7.495685895398368,14.3
PHL,2000,7.491839326239126,13.6
PHL,2003,7.545823915364357,14.0
PHL,2006,7.6546424709858805,13.5
PHL,2009,7.721670169226304,14.100000000000001
PHL,2012,7.837452311337028,13.899999999999999
PHL,2015,7.975859623618142,14.799999999999999
PHL,2018,8.134742160070255,16.1
PHL,2021,8.117006888629858,16.9
PHL,2023,8.228096155182355,17.6
POL,1992,8.484704830817119,21.9
POL,1993,8.51886161659337,22.9
POL,1995,8.643278685946392,19.0
POL,1996,8.701672096847888,20.6
POL,1998,8.80748906159393,20.7
POL,1999,8.853493234847752,20.299999999999997
POL,2000,8.909448361418155,20.200000000000003
POL,2001,8.921986193049099,20.1
POL,2002,8.94128285768953,19.6
POL,2003,8.976584994360927,19.0
POL,2004,9.02682463093347,16.9
POL,2005,9.059351981618704,18.1
POL,2006,9.120159450938822,18.9
POL,2007,9.186119834635363,19.5
POL,2008,9.228887485080271,19.7
POL,2009,9.254025040861318,19.7
POL,2010,9.288078663514185,19.8
POL,2011,9.33876115251882,19.7
POL,2012,9.353768224666355,19.8
POL,2013,9.36119092788997,19.6
POL,2014,9.400395470924495,19.9
POL,2015,9.444425606744861,20.200000000000003
POL,2016,9.474716910374987,21.0
POL,2017,9.524833198869176,21.700000000000003
POL,2018,9.585420842170386,21.5
POL,2019,9.630451637076177,22.299999999999997
POL,2020,9.621802319314305,22.4
POL,2021,9.70312160873207,22.4
POL,2022,9.75867244865389,22.2
POL,2023,9.764822032158765,22.5
PRT,2003,9.844084684759105,17.4
PRT,2004,9.859422653913747,17.6
PRT,2005,9.865355401039723,18.0
PRT,2006,9.879671806151135,17.8
PRT,2007,9.902465561885503,18.5
PRT,2008,9.90421103740784,18.6
PRT,2009,9.871539189783375,19.2
PRT,2010,9.888307094175856,18.8
PRT,2011,9.872494160627962,18.7
PRT,2012,9.835196007149635,18.6
PRT,2013,9.830794350175609,18.2
PRT,2014,9.843572821075838,18.7
PRT,2015,9.863487163188946,18.7
PRT,2016,9.886484980778611,19.200000000000003
PRT,2017,9.921533553239117,19.8
PRT,2018,9.952171739599772,20.0
PRT,2019,9.979021069470727,20.4
PRT,2020,9.892361585498369,19.3
PRT,2021,9.940190631482182,19.6
PRT,2022,10.000744383129602,18.8
PRT,2023,10.017582167929966,19.9
PRY,1990,8.308882445898986,16.1
PRY,1995,8.399577842624682,8.5
PRY,1997,8.410948588333017,9.1
PRY,1999,8.355260127269762,9.899999999999999
PRY,2001,8.28724762845027,10.2
PRY,2002,8.272938413850728,9.5
PRY,2003,8.30293959192202,10.5
PRY,2004,8.331187861372,11.8
PRY,2005,8.341238729247996,11.8
PRY,2006,8.377772943908957,11.2
PRY,2007,8.420766507531372,11.4
PRY,2008,8.474006567482823,12.1
PRY,2009,8.461172288554133,12.4
PRY,2010,8.554691295295894,11.899999999999999
PRY,2011,8.583390989661925,11.2
PRY,2012,8.562216737174236,13.0
PRY,2013,8.627503530512824,13.0
PRY,2014,8.66466040603197,12.3
PRY,2015,8.679199436438523,13.0
PRY,2016,8.70648354194201,13.1
PRY,2017,8.739237519828748,13.399999999999999
PRY,2018,8.756877459781835,14.0
PRY,2019,8.739302001006266,14.0
PRY,2020,8.717550469205571,14.899999999999999
PRY,2021,8.744611567412317,15.2
PRY,2022,8.732983069078593,14.4
PRY,2023,8.772189714210445,14.8
PRY,2024,8.805480015823058,15.0
PSE,2004,7.7941704088361705,19.5
PSE,2005,7.875592857307842,19.1
PSE,2006,7.84002472093093,19.9
PSE,2007,7.851655084909431,18.7
PSE,2009,7.951564947228901,19.6
PSE,2010,7.981760966368257,19.2
PSE,2011,8.048183663284643,19.6
PSE,2016,8.15567770387785,19.2
PSE,2023,8.00544278709866,17.9
ROU,1992,8.308716209363201,23.6
ROU,1994,8.365269849402903,22.5
ROU,1995,8.427762461104905,20.9
ROU,1997,8.422149832732378,21.4
ROU,1998,8.403712668228362,20.8
ROU,1999,8.401508735803482,21.8
ROU,2000,8.427117759892157,21.8
ROU,2001,8.491937557090171,21.700000000000003
ROU,2002,8.56570711673555,21.299999999999997
ROU,2003,8.596061367991172,21.6
ROU,2004,8.700953793057444,21.4
ROU,2005,8.752753767127427,21.6
ROU,2006,8.835905567509409,15.8
ROU,2007,8.92051918100169,16.9
ROU,2008,9.026177532415526,17.5
ROU,2009,8.977761268101364,17.8
ROU,2010,8.94385951387169,17.5
ROU,2011,8.99275285095176,17.2
ROU,2012,9.016061879194224,16.8
ROU,2013,9.022558950116128,16.4
ROU,2014,9.066640191777969,16.8
ROU,2015,9.102422977129411,16.9
ROU,2016,9.136357583933709,17.7
ROU,2017,9.220907043122477,17.0
ROU,2018,9.279322454204783,17.3
ROU,2019,9.323429411747748,17.8
ROU,2020,9.292293508868276,17.9
ROU,2021,9.354122266965353,18.4
ROU,2022,9.399000413166808,19.1
ROU,2023,9.420667506855567,20.8
RUS,1993,8.66542603260341,13.899999999999999
RUS,1996,8.452518723538327,13.7
RUS,1997,8.468074237849933,17.3
RUS,1998,8.415273256243886,17.1
RUS,1999,8.48040064506592,17.3
RUS,2000,8.579917537415207,17.5
RUS,2001,8.633901083340453,17.799999999999997
RUS,2002,8.684430192041567,17.7
RUS,2003,8.759425956907013,16.5
RUS,2004,8.832978379342993,16.3
RUS,2005,8.898827966431375,15.899999999999999
RUS,2006,8.980914248150096,16.1
RUS,2007,9.064204880368637,15.7
RUS,2008,9.11533716653478,16.2
RUS,2009,9.03382609990302,16.9
RUS,2010,9.0773939644645,16.9
RUS,2011,9.118315025569482,17.0
RUS,2012,9.15525154071543,16.6
RUS,2013,9.169678480198696,16.700000000000003
RUS,2014,9.158395549600886,17.6
RUS,2015,9.135370444912384,17.6
RUS,2016,9.134465018611492,17.6
RUS,2017,9.150483790102484,18.2
RUS,2018,9.17727851345692,18.4
RUS,2019,9.198472669961488,18.4
RUS,2020,9.172879928950492,19.5
RUS,2021,9.233208722526568,18.700000000000003
RUS,2022,9.222181511586156,19.5
RUS,2023,9.264872668059374,19.8
RWA,2000,5.802410355519627,14.100000000000001
RWA,2005,6.093587884434929,12.7
RWA,2010,6.362026158320575,14.7
RWA,2013,6.495105376118715,15.6
RWA,2016,6.618469430593194,15.8
RWA,2023,6.9016476700965095,18.3
SEN,1991,6.896322387675233,10.5
SEN,1994,6.840217136084597,17.5
SEN,2001,6.97295189493963,16.9
SEN,2005,7.020235864356541,16.9
SEN,2011,7.038559374972487,16.4
SEN,2018,7.211627659680629,17.9
SEN,2021,7.254559323144008,18.8
SLV,1989,7.733042893463759,11.1
SLV,1991,7.758732287136455,10.100000000000001
SLV,1995,7.92780234500189,12.100000000000001
SLV,1996,7.9284227072619275,11.6
SLV,1998,7.972576576280139,9.1
SLV,1999,7.9883505731528945,10.3
SLV,2000,7.99459638121267,11.0
SLV,2001,7.999207780250162,10.9
SLV,2002,8.01170764312865,10.6
SLV,2003,8.025243189033683,11.0
SLV,2004,8.033086190447184,12.5
SLV,2005,8.059390407038835,12.5
SLV,2006,8.102389062150724,14.100000000000001
SLV,2007,8.119446907115272,14.600000000000001
SLV,2008,8.137527187971052,13.4
SLV,2009,8.113070634317651,14.1
SLV,2010,8.131087512584056,14.7
SLV,2011,8.164850747587009,15.6
SLV,2012,8.188777766364051,15.899999999999999
SLV,2013,8.206829270823723,15.3
SLV,2014,8.219851257751255,16.0
SLV,2015,8.240211238908092,16.6
SLV,2016,8.262519476250159,16.5
SLV,2017,8.282695460364838,17.4
SLV,2018,8.305524283156728,17.1
SLV,2019,8.329203047532397,17.1
SLV,2021,8.354097037462306,16.5
SLV,2022,8.379300386464532,16.6
SLV,2023,8.407645397126927,16.4
SRB,2002,8.303666378679484,20.5
SRB,2003,8.350849651307245,20.2
SRB,2004,8.417910829984564,19.0
SRB,2005,8.478273221826027,18.5
SRB,2006,8.52047039416079,21.8
SRB,2007,8.599929905320167,22.5
SRB,2008,8.654508269085472,23.0
SRB,2009,8.626587714867293,22.6
SRB,2010,8.64658911734339,22.0
SRB,2012,8.655093837846179,15.600000000000001
SRB,2013,8.664463595523246,15.7
SRB,2014,8.651119088732186,15.100000000000001
SRB,2015,8.669110789661225,15.3
SRB,2016,8.703665712116246,15.9
SRB,2017,8.732346696907411,17.3
SRB,2018,8.783255271689672,18.1
SRB,2019,8.83502972977784,18.9
SRB,2020,8.832145150727886,19.0
SRB,2021,8.918071263243814,20.0
SRB,2022,8.969917625720775,19.700000000000003
SRB,2023,9.012922885538318,19.6
SVK,1992,8.83102537589248,27.2
SVK,1996,9.013453080780012,23.5
SVK,2004,9.279699460413369,23.1
SVK,2005,9.342434676746999,22.6
SVK,2006,9.427884399084137,24.1
SVK,2007,9.530317325613145,24.6
SVK,2008,9.581704697578502,23.9
SVK,2009,9.52374528546728,23.0
SVK,2010,9.588512922038431,23.0
SVK,2011,9.612525006400196,23.2
SVK,2012,9.626393036381128,23.2
SVK,2013,9.632327073899523,22.4
SVK,2014,9.658075972311597,23.1
SVK,2015,9.70759894324071,23.1
SVK,2016,9.725600632169233,23.799999999999997
SVK,2017,9.752390722504042,24.8
SVK,2018,9.790823481696595,23.8
SVK,2019,9.81197406976346,24.9
SVK,2020,9.784921131755084,24.1
SVK,2021,9.842061731233246,24.299999999999997
SVK,2022,9.850341481768611,23.8
SVK,2023,9.87217092607487,24.4
SVN,1993,9.400823638446155,22.700000000000003
SVN,1997,9.57503007394696,24.8
SVN,1998,9.607389530335332,22.5
SVN,1999,9.658014581757303,24.9
SVN,2002,9.746813754520934,22.1
SVN,2003,9.777661305073957,20.799999999999997
SVN,2004,9.821477834806354,24.4
SVN,2005,9.857562856160202,24.5
SVN,2006,9.911779694656975,24.7
SVN,2007,9.975146646136327,24.7
SVN,2008,10.006731492835778,25.1
SVN,2009,9.918751406550351,24.5
SVN,2010,9.925450595902388,24.4
SVN,2011,9.929906263605451,24.4
SVN,2012,9.89821717830354,24.0
SVN,2013,9.88858803395893,23.6
SVN,2014,9.914858072395745,23.9
SVN,2015,9.937757320976354,24.1
SVN,2016,9.966918220256982,24.4
SVN,2017,10.01671638905634,24.8
SVN,2018,10.055949664620233,24.7
SVN,2019,10.083438806338028,24.799999999999997
SVN,2020,10.035033446477938,25.1
SVN,2021,10.11315839497574,24.9
SVN,2022,10.137599370599515,24.9
SVN,2023,10.157117692400249,24.6
SWE,1975,10.220646080188796,24.5
SWE,1981,10.276008664655187,25.1
SWE,1987,10.420343243776106,25.3
SWE,1992,10.424476820666394,24.2
SWE,1995,10.464942045594261,23.9
SWE,2000,10.634936147948784,23.5
SWE,2001,10.645767748729286,23.7
SWE,2002,10.665035125343998,23.7
SWE,2003,10.679949747314154,24.0
SWE,2004,10.71696275248944,23.6
SWE,2005,10.740511737024276,23.1
SWE,2006,10.780587292644292,23.5
SWE,2007,10.804911375886864,23.200000000000003
SWE,2008,10.787847039539354,22.7
SWE,2009,10.735839805559381,22.9
SWE,2010,10.783229423106263,22.799999999999997
SWE,2011,10.806826582565227,22.8
SWE,2012,10.795276362748696,22.8
SWE,2013,10.798115315800002,22.1
SWE,2014,10.810891278995069,22.4
SWE,2015,10.843263636106574,22.1
SWE,2016,10.851786967343648,21.9
SWE,2017,10.856965678266043,22.200000000000003
SWE,2018,10.86289691501412,21.5
SWE,2019,10.878507651590331,21.9
SWE,2020,10.85175321747415,22.0
SWE,2021,10.89668624463542,21.5
SWE,2022,10.902356625417916,20.9
SWE,2023,10.89558674884876,21.700000000000003
THA,1981,7.338518523078423,14.4
THA,1988,7.687269856386003,15.5
THA,1990,7.875316795154772,15.0
THA,1992,8.00297978682566,13.9
THA,1994,8.129024592335266,15.7
THA,1996,8.23399800962009,16.0
THA,1998,8.10027075319704,16.3
THA,1999,8.132438349625003,15.7
THA,2000,8.164714183557189,15.8
THA,2002,8.238471975824611,16.2
THA,2004,8.350612275591972,15.799999999999999
THA,2006,8.423217621027346,15.9
THA,2007,8.468143081239914,16.8
THA,2008,8.477571297301573,16.5
THA,2009,8.463255730115991,16.8
THA,2010,8.528994773648948,17.0
THA,2011,8.531142920325157,18.2
THA,2012,8.594872208146699,17.1
THA,2013,8.615519117762524,17.700000000000003
THA,2014,8.620014364522413,18.1
THA,2015,8.646263987300964,18.8
THA,2016,8.675526061571343,18.4
THA,2017,8.712224153308563,18.4
THA,2018,8.75055626255621,18.3
THA,2019,8.769435276762746,19.2
THA,2020,8.70490394139797,19.0
THA,2021,8.71917197037036,19.1
THA,2022,8.745096995393986,19.4
THA,2023,8.767794856441542,19.8
THA,2024,8.797334714252285,19.9
TJK,1999,5.994974335059739,21.700000000000003
TJK,2003,6.3033357148126825,20.200000000000003
TJK,2004,6.381743445205455,19.9
TJK,2007,6.531578405336905,20.4
TJK,2009,6.605585942424534,21.1
TJK,2015,6.863715938235779,19.4
TJK,2021,7.1341495377555555,19.9
TJK,2022,7.18973772908326,17.3
TJK,2023,7.249291488892838,17.799999999999997
TJK,2024,7.310776158362432,18.6
TUN,1985,7.628124284710795,15.1
TUN,1990,7.656559632392753,16.3
TUN,1995,7.750439113326085,15.600000000000001
TUN,2000,7.960165514264062,16.2
TUN,2005,8.102264899943865,17.6
TUN,2010,8.270501101594988,17.2
TUN,2015,8.29777960932586,20.1
TUN,2021,8.269381167382672,20.0
TUR,1987,8.497974660899756,16.299999999999997
TUR,1994,8.567088154093648,15.899999999999999
TUR,2002,8.734190763569853,15.899999999999999
TUR,2003,8.778953084510617,15.5
TUR,2004,8.86243007717421,15.5
TUR,2005,8.938944478085427,15.2
TUR,2006,8.996963394379998,16.2
TUR,2007,9.04517480014172,16.8
TUR,2008,9.041677875708675,16.6
TUR,2009,8.977815592246035,16.700000000000003
TUR,2010,9.044590120376022,16.9
TUR,2011,9.134091859988523,16.4
TUR,2012,9.16830103943749,16.3
TUR,2013,9.23692864170461,16.3
TUR,2014,9.268418713657828,16.0
TUR,2015,9.31151057104938,15.5
TUR,2016,9.330752566421996,15.600000000000001
TUR,2017,9.39313231666067,15.1
TUR,2018,9.413689966269365,15.4
TUR,2019,9.412325250776597,14.8
TUR,2020,9.420491391349826,15.100000000000001
TUR,2021,9.52302754693335,14.7
TUR,2022,9.566165188242875,14.9
TUR,2023,9.611321116091183,15.2
UGA,1989,5.882681197235681,14.200000000000001
UGA,1992,5.933860891366185,16.6
UGA,1996,6.149382192183349,17.6
UGA,1999,6.2333423023227805,16.0
UGA,2002,6.305189549792256,15.5
UGA,2005,6.404244193731566,16.0
UGA,2009,6.619196643174824,15.700000000000001
UGA,2012,6.713661259823246,16.8
UGA,2016,6.773821943462781,15.9
UGA,2019,6.82539391193632,16.1
UKR,1992,7.839467597827163,21.4
UKR,1993,7.685810939329714,22.1
UKR,1995,7.308798679117615,17.0
UKR,1996,7.211979790866068,19.1
UKR,1999,7.185033319040957,22.1
UKR,2002,7.405058637626521,22.1
UKR,2003,7.50343214803933,22.5
UKR,2004,7.621902872289646,22.200000000000003
UKR,2005,7.660397767452958,22.1
UKR,2006,7.739852039091524,21.9
UKR,2007,7.82338661381434,23.3
UKR,2008,7.850763534582072,23.5
UKR,2009,7.69082093291978,24.3
UKR,2010,7.734529901630858,24.5
UKR,2011,7.790746009086028,24.6
UKR,2012,7.794382133758643,24.5
UKR,2013,7.7966403878830555,24.8
UKR,2014,7.744415425280027,25.1
UKR,2015,7.647057668097867,24.3
UKR,2016,7.676048432128427,24.5
UKR,2017,7.704249768417747,23.8
UKR,2018,7.744425577293742,24.0
UKR,2019,7.782423016096244,23.799999999999997
UKR,2020,7.751091339741339,24.3
URY,1981,9.091040229756565,14.6
URY,1989,9.029354282802691,15.3
URY,1992,9.126257562987211,15.6
URY,1995,9.192471348027704,15.700000000000001
URY,1996,9.241471021431476,15.8
URY,1997,9.31819585775088,15.5
URY,1998,9.357462050652947,15.0
URY,2000,9.314369788239542,14.6
URY,2001,9.272710049302109,13.899999999999999
URY,2002,9.190828375699178,13.600000000000001
URY,2003,9.198141957262543,14.1
URY,2004,9.246373967265198,13.5
URY,2005,9.317525086780893,13.899999999999999
URY,2006,9.356557136243545,13.700000000000001
URY,2007,9.418206433316357,13.5
URY,2008,9.485380593016586,14.0
URY,2009,9.52454612643267,13.8
URY,2010,9.597123928699771,14.2
URY,2011,9.644975610857257,15.200000000000001
URY,2012,9.677171329777222,16.0
URY,2013,9.719528985074962,15.8
URY,2014,9.748121594509515,16.0
URY,2015,9.748347314592769,16.0
URY,2016,9.761764701294066,16.2
URY,2017,9.776313263788442,16.5
URY,2018,9.776162241116287,16.3
URY,2019,9.784616086291907,16.2
URY,2020,9.707677239541228,16.0
URY,2021,9.765144903261541,15.899999999999999
URY,2022,9.811881520825366,15.9
URY,2023,9.82030566889607,15.9
URY,2024,9.853462949157347,16.2
USA,1963,9.930411052645086,17.5
USA,1964,9.972900925567522,17.3
USA,1965,10.022434600040818,17.4
USA,1966,10.073860467375878,17.3
USA,1967,10.087664267825728,17.3
USA,1968,10.12456324331528,17.7
USA,1969,10.145320020198106,17.799999999999997
USA,1970,10.135833715974174,17.5
USA,1971,10.155587115975665,17.5
USA,1972,10.196102448982744,17.4
USA,1973,10.24147834692857,17.700000000000003
USA,1974,10.226921580475878,18.1
USA,1975,10.215003411025453,17.9
USA,1976,10.257980123907414,18.0
USA,1977,10.293126971356225,18.1
USA,1978,10.336405662528113,18.3
USA,1979,10.356538938153877,18.4
USA,1980,10.344371979189011,18.4
USA,1981,10.359618187051083,18.0
USA,1982,10.331890350135916,17.3
USA,1983,10.367564956585802,16.8
USA,1984,10.428772836263416,16.9
USA,1985,10.460761463385845,16.799999999999997
USA,1986,10.485560362601971,16.7
USA,1987,10.510585040470527,16.9
USA,1988,10.542426070675791,16.7
USA,1989,10.56904619243571,16.6
USA,1990,10.57643370458266,16.6
USA,1991,10.56198738143011,16.6
USA,1992,10.582737291588442,16.5
USA,1993,10.596696636812993,15.7
USA,1994,10.623933414822993,16.0
USA,1995,10.638515863949376,16.2
USA,1996,10.663915192598386,15.9
USA,1997,10.69538639422713,15.9
USA,1998,10.727584718051212,16.1
USA,1999,10.762874449365563,16.2
USA,2000,10.791713211341452,16.2
USA,2001,10.791325816970334,16.0
USA,2002,10.79890935770275,15.899999999999999
USA,2003,10.817886963150846,15.7
USA,2004,10.846388030585665,15.899999999999999
USA,2005,10.871413375193665,15.600000000000001
USA,2006,10.88923559910648,15.5
USA,2007,10.899565499768839,15.600000000000001
USA,2008,10.891242074755974,15.600000000000001
USA,2009,10.856372827998042,15.8
USA,2010,10.874506648934766,15.8
USA,2011,10.882105667121523,15.399999999999999
USA,2012,10.896754900940332,15.399999999999999
USA,2013,10.910146457679765,15.600000000000001
USA,2014,10.927111193758208,15.3
USA,2015,10.948162172702753,15.5
USA,2016,10.958336893154724,15.399999999999999
USA,2017,10.975686916765625,15.2
USA,2018,10.999056141844981,15.2
USA,2019,11.019415142765025,15.1
USA,2020,10.994296289614953,16.1
USA,2021,11.052425106106162,16.6
USA,2022,11.071660624672864,15.299999999999999
USA,2023,11.092356083177735,15.1
USA,2024,11.110304007400245,15.1
UZB,1998,7.189018248461859,14.0
UZB,2000,7.242090965884191,18.9
UZB,2002,7.297424680785144,20.799999999999997
UZB,2003,7.326699095038328,19.5
UZB,2021,8.28197619178074,19.6
UZB,2022,8.320955462787925,20.4
UZB,2023,8.361989889392762,18.700000000000003
UZB,2024,8.406911130323307,18.7
UZB,2025,8.462246569084682,19.6
VEN,1981,8.401697563151988,9.6
VEN,1987,8.331079509105104,10.2
VEN,1989,8.191912184074104,14.2
VEN,1992,8.335314383384636,15.299999999999999
VEN,1995,8.287417497279199,12.9
VEN,1998,8.289675119894206,12.3
VEN,1999,8.20893516415139,12.5
VEN,2001,8.240006722218466,12.8
VEN,2002,8.130617783312989,11.9
VEN,2003,8.032120239402403,12.1
VEN,2004,8.182230452677574,12.4
VEN,2005,8.262511009085545,11.5
VEN,2006,8.340591104149247,13.899999999999999
VNM,1992,6.6332011289711845,19.3
VNM,1997,6.9705216325696275,19.7
VNM,2002,7.200810419069993,18.7
VNM,2004,7.320490224666083,18.5
VNM,2006,7.438193043334589,18.7
VNM,2008,7.526181714441248,19.0
VNM,2010,7.614599152010479,17.3
VNM,2012,7.707113932172954,18.7
VNM,2014,7.799460881041575,19.1
VNM,2016,7.906760423016145,18.8
VNM,2018,8.022333850815286,18.6
VNM,2020,8.102637740475883,18.1
VNM,2022,8.193583547414308,18.6
XKX,2009,7.8938929011115055,20.7
XKX,2010,7.945425157799448,19.9
XKX,2011,8.004915885517619,22.7
XKX,2012,8.013459032642148,22.200000000000003
XKX,2013,8.059424934625916,23.9
XKX,2014,8.095300928443677,23.0
XKX,2015,8.166394336045292,23.5
XKX,2016,8.226619974771877,23.4
XKX,2017,8.266209742879878,13.3
XKX,2018,8.296326926214984,12.4
XKX,2019,8.347368808250767,15.399999999999999
XKX,2020,8.291783137491022,8.9
XKX,2021,8.396126396360549,9.4
XKX,2022,8.44814085800957,15.6
ZAF,1993,8.341314417973827,8.2
ZAF,2000,8.45550405864801,8.7
ZAF,2005,8.595278750744047,7.300000000000001
ZAF,2008,8.701133376089404,7.4
ZAF,2010,8.691809314984317,7.9
ZAF,2014,8.725020996315116,8.3
ZAF,2022,8.663345982388412,10.600000000000001
ZMB,1991,6.753159844447227,6.0
ZMB,1993,6.753484206452256,10.1
ZMB,1996,6.679621873568297,12.8
ZMB,1998,6.661424192391787,12.399999999999999
ZMB,2002,6.725059065071774,16.299999999999997
ZMB,2004,6.797354592458928,10.5
ZMB,2006,6.875814113134732,10.4
ZMB,2010,7.076161400386329,11.6
ZMB,2015,7.166943649325317,9.4
ZMB,2022,7.169233034893394,11.2
