iso,year,log_gdppc,gini
ALB,1996,7.4287904012862755,27.0
ALB,2002,7.739406452395294,31.7
ALB,2005,7.905762334472726,30.6
ALB,2008,8.115515387692694,30.0
ALB,2012,8.2353202979289,29.0
ALB,2014,8.305266334335276,34.6
ALB,2015,8.342730067120554,32.8
ALB,2016,8.396506123719536,33.7
ALB,2017,8.444241950183459,33.1
ALB,2018,8.495729230969024,30.1
ALB,2019,8.53157654989607,30.1
ALB,2020,8.513309056972297,29.4
ARG,1980,9.237546768935978,40.8
ARG,1986,9.146171773229526,42.8
ARG,1987,9.157409818683082,45.3
ARG,1991,9.074500394927384,46.8
ARG,1992,9.137036821690298,45.5
ARG,1993,9.202376099770508,44.8
ARG,1994,9.24569716059452,45.9
ARG,1995,9.203729343343023,48.9
ARG,1996,9.244948540627123,49.5
ARG,1997,9.310790784763434,49.1
ARG,1998,9.336814614986345,50.7
ARG,1999,9.290843275402365,49.8
ARG,2000,9.271590714591147,51.0
ARG,2001,9.215521411810418,53.3
ARG,2002,9.089478325218936,53.8
ARG,2003,9.163828464434127,51.0
ARG,2004,9.240136673356535,48.5
ARG,2005,9.314677947324345,47.8
ARG,2006,9.381793005097167,46.4
ARG,2007,9.45812987103844,46.3
ARG,2008,9.487771863276931,45.0
ARG,2009,9.416165091577739,43.8
ARG,2010,9.502050972116228,43.7
ARG,2011,9.54970975869115,42.7
ARG,2012,9.529115900298596,41.4
ARG,2013,9.54295482571449,41.1
ARG,2014,9.507190185666095,41.8
ARG,2016,9.492951061469718,42.3
ARG,2017,9.511933706412325,41.4
ARG,2018,9.477181411867754,41.7
ARG,2019,9.449860910237419,43.3
ARG,2020,9.340758851642148,42.7
ARG,2021,9.437418665623444,42.4
ARG,2022,9.493775178375971,40.7
ARG,2023,9.472173178879085,42.4
ARG,2024,9.455194584790855,42.4
ARM,1996,6.903474404419655,44.4
ARM,1999,7.073653897855953,36.2
ARM,2001,7.208689695141339,35.4
ARM,2002,7.3364188946968705,34.8
ARM,2003,7.472868413519926,33.0
ARM,2004,7.57825934040802,37.5
ARM,2005,7.714272542250184,36.0
ARM,2006,7.844411406664453,29.7
ARM,2007,7.97912431526816,31.2
ARM,2008,8.052402172085555,29.2
ARM,2009,7.9072741735352015,28.0
ARM,2010,7.935974228208692,30.0
ARM,2011,7.9874690677133895,29.4
ARM,2012,8.058250913748191,29.6
ARM,2013,8.09141276658874,30.6
ARM,2014,8.129497033280357,31.5
ARM,2015,8.164052993685441,32.4
ARM,2016,8.170153121527093,32.5
ARM,2017,8.246794167624104,33.6
ARM,2018,8.30098402411806,34.4
ARM,2019,8.376426175164447,30.0
ARM,2020,8.302040238703432,25.1
ARM,2021,8.35815047524684,27.9
ARM,2022,8.474495442334888,27.9
ARM,2023,8.555882049724369,27.2
ARM,2024,8.59013096483468,27.4
AUS,1981,10.352432346246104,31.3
AUS,1985,10.402421434365568,32.5
AUS,1989,10.497702855820949,33.2
AUS,1995,10.581713075659758,32.6
AUS,2001,10.743213033182606,33.5
AUS,2003,10.789518298688597,33.5
AUS,2004,10.820150024274179,33.1
AUS,2008,10.887386003649693,35.4
AUS,2010,10.89244027811907,34.7
AUS,2014,10.94326601733858,34.4
AUS,2016,10.96185059222698,33.7
AUS,2018,10.981432847810053,34.3
AUS,2020,10.974690395163083,33.8
AUT,1994,10.39758428367529,30.8
AUT,1995,10.42238335938929,29.9
AUT,1996,10.442948918143925,29.3
AUT,1997,10.463047113673522,29.1
AUT,1998,10.49628246235925,31.3
AUT,1999,10.531265730857301,29.7
AUT,2000,10.560258204241288,29.0
AUT,2003,10.585808554858044,29.5
AUT,2004,10.604933471077446,29.8
AUT,2005,10.621059338504935,28.7
AUT,2006,10.648281662827076,29.6
AUT,2007,10.682097270561812,30.6
AUT,2008,10.69339531968793,30.4
AUT,2009,10.654254275368153,31.5
AUT,2010,10.669778482664274,30.3
AUT,2011,10.695262034267998,30.8
AUT,2012,10.696965469540093,30.5
AUT,2013,10.688561184309245,30.8
AUT,2014,10.688275337993321,30.5
AUT,2015,10.690016418660566,30.5
AUT,2016,10.700153635335925,30.8
AUT,2017,10.715675612695888,29.7
AUT,2018,10.735343554098822,30.8
AUT,2019,10.748294360955562,30.2
AUT,2020,10.678875753026356,29.8
AUT,2021,10.72257647213907,30.7
AUT,2022,10.764950837219436,30.9
AUT,2023,10.747162675814796,31.2
AZE,1995,7.021359531605765,34.6
AZE,2001,7.40302248303462,36.5
AZE,2002,7.485757112532376,25.3
AZE,2003,7.5753826230351535,26.8
AZE,2004,7.655131796672319,26.6
AZE,2005,7.891468689996056,26.6
BEL,1985,10.154843678737068,25.2
BEL,1988,10.23747405573907,25.7
BEL,1992,10.32143689180028,24.9
BEL,1995,10.358016522704943,28.4
BEL,1997,10.404005262175595,26.8
BEL,2000,10.487888362969542,33.1
BEL,2003,10.513966726265327,28.1
BEL,2004,10.544728021573649,30.5
BEL,2005,10.562179420864767,29.3
BEL,2006,10.580786963637339,28.1
BEL,2007,10.609553039325432,29.2
BEL,2008,10.60611236562133,28.4
BEL,2009,10.578817890268201,28.6
BEL,2010,10.59642382637253,28.4
BEL,2011,10.602541246025885,28.1
BEL,2012,10.598495321138124,27.5
BEL,2013,10.596832208325084,27.7
BEL,2014,10.609894273134854,28.1
BEL,2015,10.618733852262814,27.7
BEL,2016,10.625535218770558,27.6
BEL,2017,10.636319968850893,27.4
BEL,2018,10.650373645440041,27.2
BEL,2019,10.6691043191879,27.2
BEL,2020,10.615677802572218,26.0
BEL,2021,10.672228350505144,26.6
BEL,2022,10.703604002633188,26.4
BEL,2023,10.710593297044216,26.8
BFA,1994,5.841720099103872,48.0
BFA,1998,6.028937371743357,49.9
BFA,2003,6.149030205944249,43.3
BFA,2009,6.279402995752449,39.8
BFA,2014,6.437074436779726,35.3
BFA,2018,6.543181813870662,43.0
BFA,2021,6.614018330623652,37.4
BGD,1983,6.053609356779162,25.9
BGD,1985,6.083091768659131,26.9
BGD,1988,6.1177430315509165,28.8
BGD,1991,6.175187952053689,27.6
BGD,1995,6.287732058934044,32.9
BGD,2000,6.430623058110431,33.4
BGD,2005,6.6055735505548245,33.2
BGD,2010,6.849770412875309,32.1
BGD,2016,7.169989468534807,32.4
BGD,2022,7.49795533274916,30.9
BGR,1989,8.472702299961385,23.4
BGR,1992,8.252043162981769,30.7
BGR,1994,8.26651972726252,24.3
BGR,1995,8.299583670751101,32.8
BGR,1997,8.209408754398677,26.4
BGR,2001,8.278403589312173,32.7
BGR,2003,8.416137912020812,28.9
BGR,2006,8.635880542048357,35.7
BGR,2007,8.70765673993136,36.1
BGR,2008,8.77416638254398,33.6
BGR,2009,8.74656477478822,33.8
BGR,2010,8.768581438001785,35.7
BGR,2011,8.795680042204475,34.3
BGR,2012,8.808932496747483,36.0
BGR,2013,8.82366009926138,36.6
BGR,2014,8.845254901111836,37.4
BGR,2015,8.891377567758276,38.6
BGR,2016,8.934177266972299,40.6
BGR,2017,8.974505445521666,40.4
BGR,2018,9.011254227063816,41.3
BGR,2019,9.062602837004778,40.3
BGR,2020,9.040798506308539,40.5
BGR,2021,9.122813816951695,39.0
BGR,2022,9.169347350927119,38.2
BGR,2023,9.188888426097868,39.5
BIH,2001,7.86985356136036,30.0
BIH,2004,8.027422820047768,34.0
BIH,2007,8.20660807931343,34.3
BIH,2011,8.317339634219136,33.3
BIH,2015,8.44725530758742,32.9
BIH,2021,8.698771468030062,30.3
BLR,1993,7.771693279296515,21.6
BLR,1995,7.541874395431091,28.7
BLR,1998,7.770131730485332,32.0
BLR,1999,7.808066797308288,31.7
BLR,2000,7.869158475044112,31.2
BLR,2001,7.920458745194723,30.6
BLR,2002,7.976045592962271,30.3
BLR,2003,8.051105919798575,28.8
BLR,2004,8.166331184268982,26.5
BLR,2005,8.263001957724901,27.6
BLR,2006,8.364435051602532,28.3
BLR,2007,8.451524809226617,29.6
BLR,2008,8.55210566583693,27.8
BLR,2009,8.55656277532507,27.7
BLR,2010,8.633391704349176,28.6
BLR,2011,8.68974888225533,27.2
BLR,2012,8.708249385064127,26.5
BLR,2013,8.718570835638193,26.6
BLR,2014,8.734385738447378,27.2
BLR,2015,8.694008944147766,25.6
BLR,2016,8.667542642890593,25.3
BLR,2017,8.69364701474173,25.4
BLR,2018,8.72679153118074,25.2
BLR,2019,8.743170338293512,25.3
BLR,2020,8.740654930453196,24.4
BLZ,1993,8.55001436998666,60.2
BLZ,1994,8.528519211602156,60.9
BLZ,1995,8.510764881671205,57.5
BLZ,1996,8.492010092354315,56.6
BLZ,1997,8.500116275494989,60.4
BLZ,1998,8.503389353522055,54.9
BLZ,1999,8.559019407806085,53.2
BLZ,2018,8.649555756147757,39.9
BOL,1990,7.426196914826516,42.0
BOL,1992,7.452613186123686,49.1
BOL,1997,7.582159932079648,58.1
BOL,1999,7.600374990329908,58.0
BOL,2000,7.60797253075436,61.6
BOL,2001,7.607801511730905,57.4
BOL,2002,7.615628466234788,59.3
BOL,2004,7.649688247863464,55.0
BOL,2005,7.676096525466966,58.5
BOL,2006,7.705905162842936,56.7
BOL,2007,7.733432810508475,54.5
BOL,2008,7.776220517941462,50.8
BOL,2009,7.792586630706832,49.2
BOL,2011,7.851085337706473,46.1
BOL,2012,7.885042836256124,46.6
BOL,2013,7.935055785008936,47.6
BOL,2014,7.972777145401465,47.8
BOL,2015,8.005037649739139,46.7
BOL,2016,8.031895790639762,45.2
BOL,2017,8.058379271204153,44.6
BOL,2018,8.072322806138477,42.6
BOL,2019,8.07321185107095,41.6
BOL,2020,7.9248294460835655,43.6
BOL,2021,8.010210543368496,40.9
BOL,2022,8.035357036892758,41.2
BOL,2023,8.046475865841769,42.1
BOL,2024,8.021458053429036,40.9
BRA,1981,8.70865581015581,57.9
BRA,1982,8.694130109674006,58.4
BRA,1983,8.642055763028928,58.9
BRA,1984,8.672785665297273,58.3
BRA,1985,8.727051027012639,55.5
BRA,1986,8.778677203828712,58.4
BRA,1987,8.793552729523155,59.6
BRA,1988,8.77384972889329,61.4
BRA,1989,8.786521726759775,63.2
BRA,1990,8.724185879149315,60.5
BRA,1992,8.695169129040746,53.1
BRA,1993,8.727042512232536,60.1
BRA,1995,8.79426958092092,59.5
BRA,1996,8.800976725416385,59.8
BRA,1997,8.819496612213413,59.8
BRA,1998,8.807994678755772,59.6
BRA,1999,8.798097863460962,59.0
BRA,2001,8.828059515551221,58.4
BRA,2002,8.845723024050223,58.1
BRA,2003,8.845264590674011,57.6
BRA,2004,8.889967304713018,56.5
BRA,2005,8.910527569815086,56.3
BRA,2006,8.93879933874518,55.6
BRA,2007,8.987603504325019,54.9
BRA,2008,9.027710519473555,54.0
BRA,2009,9.01749528495974,53.7
BRA,2011,9.112506257710116,52.9
BRA,2012,9.123419816967365,53.4
BRA,2013,9.144920323671,52.7
BRA,2014,9.141884083229511,52.1
BRA,2015,9.097865343318206,51.9
BRA,2016,9.05693785163387,53.4
BRA,2017,9.062797340537387,53.3
BRA,2018,9.07364240569415,53.9
BRA,2019,9.079256326487013,53.5
BRA,2020,9.040146350349604,48.8
BRA,2021,9.082419435054037,52.9
BRA,2022,9.108538496359254,51.9
BRA,2023,9.136481431933003,51.5
BRA,2024,9.166048320733326,50.3
CAN,1971,9.982417141942177,37.2
CAN,1973,10.077429071508789,34.9
CAN,1975,10.097236777883039,34.1
CAN,1977,10.164337797657922,33.7
CAN,1979,10.217739940829635,33.5
CAN,1981,10.247628849339847,33.0
CAN,1982,10.203559040139817,32.9
CAN,1984,10.266845156474842,33.5
CAN,1985,10.303996173090452,33.2
CAN,1986,10.315048679273543,31.7
CAN,1987,10.341779933367578,31.7
CAN,1988,10.371976990996458,31.2
CAN,1989,10.377139381634805,31.0
CAN,1990,10.364090196779857,31.4
CAN,1991,10.33053031089972,31.9
CAN,1992,10.327558805217251,31.6
CAN,1993,10.34279952988324,31.7
CAN,1994,10.375806888481927,31.3
CAN,1995,10.391929038407067,31.5
CAN,1996,10.39822448918927,32.8
CAN,1997,10.430197605930754,33.1
CAN,1998,10.46008875811897,33.2
CAN,1999,10.50209248550898,33.1
CAN,2000,10.542888385329666,33.4
CAN,2001,10.550603739603536,33.6
CAN,2002,10.569307379261009,33.6
CAN,2003,10.57821774951798,33.8
CAN,2004,10.599351016313625,33.8
CAN,2005,10.621480118016743,33.6
CAN,2006,10.637382024637729,34.1
CAN,2007,10.647967251281502,33.8
CAN,2008,10.647033388135789,33.9
CAN,2009,10.606002120137163,34.0
CAN,2010,10.62532862861404,33.6
CAN,2011,10.646464456840944,32.7
CAN,2012,10.653031268031413,33.5
CAN,2013,10.665489245389708,33.8
CAN,2014,10.683804585865452,33.2
CAN,2015,10.682680262531703,33.7
CAN,2016,10.681696815432375,32.7
CAN,2017,10.699629700539841,33.3
CAN,2018,10.712357621426529,32.5
CAN,2019,10.716644993442019,31.8
CAN,2020,10.654105471199319,29.9
CAN,2021,10.706368529642504,31.1
CAN,2022,10.733850085535499,31.5
CHE,1982,10.999618829035017,36.0
CHE,1992,11.103595268944622,33.9
CHE,2000,11.224353356657415,33.4
CHE,2002,11.230054389899072,31.7
CHE,2004,11.238455004433444,31.6
CHE,2006,11.295378345354818,33.9
CHE,2007,11.32550053805686,34.3
CHE,2008,11.337795177570449,33.8
CHE,2009,11.305761592759621,32.9
CHE,2010,11.327432014684732,32.6
CHE,2011,11.330291676635238,31.7
CHE,2012,11.33085212634982,31.6
CHE,2013,11.337548035912526,32.5
CHE,2014,11.350463162732629,32.5
CHE,2015,11.353520060500577,32.3
CHE,2016,11.36153524473918,33.0
CHE,2017,11.36630722298666,32.7
CHE,2018,11.391673600179173,33.1
CHE,2019,11.395631943701853,34.0
CHE,2020,11.365514403488842,33.7
CHE,2021,11.41778945244471,33.8
CHE,2022,11.444222981093114,33.8
CHL,1987,8.418175490172533,56.2
CHL,1990,8.573675022225954,57.2
CHL,1992,8.724494387010008,54.8
CHL,1994,8.808114588144447,56.4
CHL,1996,8.93659927498857,54.9
CHL,1998,9.022497675015181,55.5
CHL,2000,9.043736998669685,52.8
CHL,2003,9.119406869372144,51.5
CHL,2006,9.269704378495659,47.7
CHL,2009,9.3161776149694,47.4
CHL,2011,9.41351336106279,46.9
CHL,2013,9.48666314331262,46.8
CHL,2015,9.505538153004625,45.3
CHL,2017,9.508468631529055,45.3
CHL,2020,9.447842436877993,47.0
CHL,2022,9.566293718149335,43.2
CHL,2024,9.589935642412886,43.0
CHN,1981,6.116156295490321,28.2
CHN,1984,6.403994044968017,27.1
CHN,1987,6.681376781280893,29.4
CHN,1990,6.82131234459171,32.2
CHN,1993,7.137549804861502,33.9
CHN,1996,7.427416203886311,35.2
CHN,1999,7.638646988767542,38.7
CHN,2002,7.867359395555581,42.0
CHN,2005,8.150677895543058,40.9
CHN,2008,8.478731921413216,43.0
CHN,2010,8.659499741124039,43.7
CHN,2011,8.744442915713616,42.4
CHN,2012,8.813303154830061,42.2
CHN,2013,8.881549780556604,39.7
CHN,2014,8.947204390187988,39.2
CHN,2015,9.008876710627593,38.6
CHN,2016,9.068687551142396,38.5
CHN,2017,9.129276776150117,39.1
CHN,2018,9.18999264451763,38.5
CHN,2019,9.245349583911969,38.2
CHN,2020,9.266094744551108,37.1
CHN,2021,9.347430701068673,35.7
CHN,2022,9.378419211755894,36.0
CIV,1985,7.667654207132767,45.5
CIV,1986,7.660620600666539,38.0
CIV,1987,7.618556166617979,40.5
CIV,1988,7.591553279093246,36.9
CIV,1992,7.449912470586521,39.4
CIV,1995,7.406764020047959,40.6
CIV,1998,7.500210413092973,39.0
CIV,2002,7.3468351979224895,41.3
CIV,2008,7.282505007965388,43.2
CIV,2015,7.503685666289025,41.5
CIV,2018,7.607541907538331,37.2
CIV,2021,7.671575473933528,35.3
COL,1980,8.101832796633115,55.1
COL,1988,8.185620430741702,53.1
COL,1989,8.198660272462119,52.8
COL,1991,8.21964319754469,51.3
COL,1992,8.239486345038191,51.3
COL,1996,8.342528151552576,56.8
COL,1999,8.285794005781797,58.5
COL,2000,8.298243214136546,58.4
COL,2001,8.299163516306239,57.3
COL,2002,8.308515733738236,56.0
COL,2003,8.331869200280558,53.6
COL,2004,8.369137611599138,55.0
COL,2005,8.402292955782052,53.9
COL,2008,8.526860684740482,55.0
COL,2009,8.526543583446504,54.1
COL,2010,8.559149673592595,54.4
COL,2011,8.615607839856338,53.3
COL,2012,8.643959081011802,53.6
COL,2013,8.684537467094968,53.5
COL,2014,8.719617954543367,53.6
COL,2015,8.740099099350715,52.0
COL,2016,8.750852565595604,51.7
COL,2017,8.749839837418161,50.9
COL,2018,8.75676842867108,51.6
COL,2019,8.77027816661759,52.5
COL,2020,8.681343179480681,54.4
COL,2021,8.772946299201278,55.1
COL,2022,8.832985333472989,54.8
COL,2023,8.830159007195745,54.6
COL,2024,8.834236887367172,54.4
CRI,1981,8.686007785879898,47.5
CRI,1986,8.639892325069328,34.4
CRI,1989,8.697929378296358,45.5
CRI,1990,8.707579321171922,45.2
CRI,1991,8.70453209170455,46.6
CRI,1992,8.767242902523453,45.6
CRI,1993,8.810799186080569,45.9
CRI,1994,8.830449779507749,46.7
CRI,1995,8.84708602783741,45.7
CRI,1996,8.83706199787323,46.5
CRI,1997,8.867783015882976,45.6
CRI,1998,8.91458939715245,45.6
CRI,1999,8.934493445319093,47.6
CRI,2000,8.95241382755004,47.4
CRI,2001,8.968808025328064,51.5
CRI,2002,8.98589087591986,51.8
CRI,2003,9.012798468523023,49.3
CRI,2004,9.041392488708512,48.4
CRI,2005,9.065931713134097,47.5
CRI,2006,9.122633593956799,49.3
CRI,2007,9.188044813132949,49.3
CRI,2008,9.220776647630187,48.6
CRI,2009,9.198639754584931,50.6
CRI,2010,9.238450132413732,48.0
CRI,2011,9.269784956273197,48.8
CRI,2012,9.305788661192018,48.4
CRI,2013,9.319297354028341,49.2
CRI,2014,9.343355571154657,48.6
CRI,2015,9.368600648303643,48.4
CRI,2016,9.399673551623106,48.7
CRI,2017,9.430965994761966,48.3
CRI,2018,9.450050282876473,48.0
CRI,2019,9.468388678338293,48.2
CRI,2020,9.419160709731832,49.2
CRI,2021,9.493054244646686,48.7
CRI,2022,9.541932589325903,47.2
CRI,2023,9.584074021276846,46.7
CRI,2024,9.619326938629671,45.8
CRI,2025,9.659439779385993,45.5
CYP,2004,10.118584283608284,30.1
CYP,2005,10.15157170398194,30.3
CYP,2006,10.180948450086756,31.1
CYP,2007,10.209382998936231,31.1
CYP,2008,10.22009277223239,31.7
CYP,2009,10.172891359187945,32.1
CYP,2010,10.169308800489862,31.5
CYP,2011,10.147952950322953,32.6
CYP,2012,10.097634100020509,34.3
CYP,2013,10.03063588477268,37.0
CYP,2014,10.015635469861357,35.6
CYP,2015,10.047086891698926,34.0
CYP,2016,10.105528996658267,32.9
CYP,2017,10.152922057315555,31.4
CYP,2018,10.202198306568011,32.7
CYP,2019,10.245911559480287,31.2
CYP,2020,10.199720655804496,31.7
CYP,2021,10.292723632616772,31.3
CYP,2022,10.357908237719556,31.5
CYP,2023,10.374179055494048,31.8
CZE,1992,9.25717547070601,20.7
CZE,1993,9.256754851177128,26.6
CZE,1996,9.388044379902533,25.8
CZE,2002,9.486454883114803,26.6
CZE,2004,9.56518798732511,27.5
CZE,2005,9.625605399742563,26.9
CZE,2006,9.687028128231754,26.7
CZE,2007,9.734627552346243,26.0
CZE,2008,9.7521207377691,26.3
CZE,2009,9.697250802198612,26.2
CZE,2010,9.721121901720869,26.6
CZE,2011,9.73662299844166,26.4
CZE,2012,9.727487210043492,26.1
CZE,2013,9.72673729898426,26.5
CZE,2014,9.74788830654419,25.9
CZE,2015,9.794319729778335,25.9
CZE,2016,9.817880524099502,25.4
CZE,2017,9.86566589978201,24.9
CZE,2018,9.890231555051948,25.0
CZE,2019,9.921330413792809,25.3
CZE,2020,9.864390473398958,26.2
CZE,2021,9.922008884046004,26.2
CZE,2022,9.934373078708143,25.9
CZE,2023,9.917024878154018,25.7
DEU,1991,10.343566428172002,29.3
DEU,1992,10.355899041892014,29.0
DEU,1993,10.339547149873038,28.4
DEU,1994,10.361715683436984,29.1
DEU,1995,10.373714450697191,28.7
DEU,1996,10.381144967876951,28.3
DEU,1997,10.398055229569003,28.2
DEU,1998,10.418643356899596,28.1
DEU,1999,10.439069127989208,29.0
DEU,2000,10.46607409047185,28.7
DEU,2001,10.480620848221173,29.9
DEU,2002,10.476654398864689,29.9
DEU,2003,10.470788667642328,29.9
DEU,2004,10.482559629672282,30.1
DEU,2005,10.491943290911498,31.6
DEU,2006,10.53100925685123,31.0
DEU,2007,10.56082813498111,31.2
DEU,2008,10.571569399997207,30.6
DEU,2009,10.517061295036783,30.4
DEU,2010,10.559107749483772,30.2
DEU,2011,10.614535674088017,30.4
DEU,2012,10.617282807358228,30.9
DEU,2013,10.618515901568854,31.4
DEU,2014,10.635914726419337,30.8
DEU,2015,10.643750994955075,31.4
DEU,2016,10.657657715704788,31.3
DEU,2017,10.681515274290929,31.3
DEU,2018,10.689802961609656,31.9
DEU,2019,10.697277620874173,32.2
DEU,2020,10.65426364114353,32.5
DEU,2021,10.692195323889663,33.6
DEU,2022,10.710345747831287,33.7
DNK,1987,10.555723335488533,26.2
DNK,1992,10.60775351046787,24.7
DNK,1995,10.676566573281972,23.0
DNK,2000,10.805009526732166,23.8
DNK,2003,10.813922993772907,25.6
DNK,2004,10.83872377073826,24.9
DNK,2005,10.859290957187323,25.2
DNK,2006,10.893459118759536,25.9
DNK,2007,10.898847789083996,26.2
DNK,2008,10.888791802611369,25.2
DNK,2009,10.832416323033874,26.7
DNK,2010,10.843679350166735,27.2
DNK,2011,10.852584842339224,27.3
DNK,2012,10.848767795421312,27.8
DNK,2013,10.858429430246288,28.5
DNK,2014,10.866057920734086,28.4
DNK,2015,10.879819458138824,28.2
DNK,2016,10.9022832621249,28.2
DNK,2017,10.925956727766048,28.7
DNK,2018,10.939427547508824,28.2
DNK,2019,10.952815452764716,27.7
DNK,2020,10.93193763621599,27.5
DNK,2021,10.990580679753318,28.3
DNK,2022,10.987134160931975,29.3
DNK,2023,10.985749980450018,29.9
DOM,1986,7.907495327147015,47.8
DOM,1989,8.004726805602205,50.4
DOM,1992,8.002896986243554,51.1
DOM,1996,8.137251376347463,47.4
DOM,1997,8.205084043170112,48.9
DOM,2000,8.324361976722292,51.5
DOM,2001,8.333026165468969,50.0
DOM,2002,8.36189561307953,49.7
DOM,2003,8.333911220254402,52.1
DOM,2004,8.345695352172381,52.1
DOM,2005,8.422717568691741,50.0
DOM,2006,8.497952706400847,52.0
DOM,2007,8.557333675012996,48.9
DOM,2008,8.577144956264481,48.1
DOM,2009,8.574452067694693,48.9
DOM,2010,8.642319216205266,47.3
DOM,2011,8.661046584483083,47.7
DOM,2012,8.675955893763161,46.1
DOM,2013,8.711942864856029,47.7
DOM,2014,8.76877306832018,44.3
DOM,2015,8.824818042218277,45.2
DOM,2016,8.87874176696129,45.7
DOM,2017,8.906447583754677,42.2
DOM,2018,8.964274338056054,43.7
DOM,2019,9.00172162213943,41.9
DOM,2020,8.908677478547647,39.6
DOM,2021,9.029406464326538,38.5
DOM,2022,9.070864019724837,37.0
DOM,2023,9.083638559314252,38.4
DOM,2024,9.123523978409294,39.0
ECU,1987,8.238991974700127,50.5
ECU,1994,8.315649839551714,53.3
ECU,1995,8.318909885814428,50.8
ECU,1998,8.355154966713103,49.6
ECU,1999,8.288834297845295,58.6
ECU,2000,8.282330942924474,56.3
ECU,2003,8.347640876056564,53.5
ECU,2004,8.396208401073688,53.9
ECU,2005,8.431488994320295,53.1
ECU,2006,8.456801913123694,52.3
ECU,2007,8.458568582904595,53.4
ECU,2008,8.505100802337594,49.8
ECU,2009,8.498894143856889,48.5
ECU,2010,8.521624109159822,48.8
ECU,2011,8.586617988892254,45.9
ECU,2012,8.626918292108286,46.1
ECU,2013,8.681575078092347,46.9
ECU,2014,8.708646547394471,45.0
ECU,2015,8.695533446764424,46.0
ECU,2016,8.674049216381379,45.0
ECU,2017,8.716744220594295,44.7
ECU,2018,8.709975776667743,45.4
ECU,2019,8.694734906925728,45.7
ECU,2020,8.585914703255183,47.3
ECU,2021,8.66821236299871,45.8
ECU,2022,8.717271976290036,45.5
ECU,2023,8.726709881444197,44.6
ECU,2024,8.69847203437044,45.2
ECU,2025,8.726575513672413,45.9
EGY,1990,7.586873458191159,32.0
EGY,1995,7.6376392785571525,30.1
EGY,1999,7.767206523053944,30.8
EGY,2004,7.853380872645033,31.8
EGY,2008,8.02362217321319,31.1
EGY,2010,8.081427176435344,30.2
EGY,2012,8.077444647624214,28.3
EGY,2015,8.103791147239486,31.8
EGY,2017,8.146972520522551,31.5
EGY,2019,8.216424429768118,31.9
EGY,2021,8.252529465257624,28.5
ESP,1980,9.608203773692113,34.5
ESP,1985,9.65168986735926,34.4
ESP,1990,9.861350674786204,32.0
ESP,1993,9.872744446053932,35.7
ESP,1994,9.891535846026347,35.1
ESP,1995,9.914323787594775,35.7
ESP,1996,9.93589860738898,36.5
ESP,1997,9.966951958998637,35.3
ESP,1998,10.004933619310549,34.6
ESP,1999,10.044024793043178,33.8
ESP,2000,10.090252632779737,34.1
ESP,2003,10.145694845257607,31.8
ESP,2004,10.159110322815067,33.3
ESP,2005,10.177113069806827,32.4
ESP,2006,10.199847815939053,33.5
ESP,2007,10.216062049970796,34.1
ESP,2008,10.207751124941538,34.2
ESP,2009,10.160484139040701,34.9
ESP,2010,10.156820836433829,35.2
ESP,2011,10.146847683412647,35.7
ESP,2012,10.11712883089339,35.4
ESP,2013,10.106369454011844,36.2
ESP,2014,10.124542975250144,36.1
ESP,2015,10.165176266554539,36.2
ESP,2016,10.193139342327708,35.8
ESP,2017,10.219256993809829,34.7
ESP,2018,10.238412970115375,34.7
ESP,2019,10.250667944350491,34.3
ESP,2020,10.129707163242017,34.9
ESP,2021,10.192619682417382,33.9
ESP,2022,10.247187511200723,33.6
ESP,2023,10.259714515507623,33.4
EST,1993,8.81084146234178,39.4
EST,1995,8.877792874291018,30.1
EST,1998,9.126951734890294,37.6
EST,2000,9.21101710574961,35.8
EST,2001,9.274529973063835,36.0
EST,2002,9.347896602878398,35.8
EST,2003,9.427388918715423,37.2
EST,2004,9.499161429013615,33.6
EST,2005,9.59584886294519,33.4
EST,2006,9.69489482293567,33.7
EST,2007,9.772436862056837,31.2
EST,2008,9.722504965252952,31.9
EST,2009,9.566254604254663,31.4
EST,2010,9.592737434433703,32.0
EST,2011,9.669088541910629,32.5
EST,2012,9.70873004978842,32.9
EST,2013,9.729701425205867,35.1
EST,2014,9.765011771172404,34.6
EST,2015,9.782570874036644,32.7
EST,2016,9.81274124557614,31.2
EST,2017,9.866347008624501,30.4
EST,2018,9.899195630013553,30.3
EST,2019,9.932068968224876,30.8
EST,2020,9.90083131269748,30.7
EST,2021,9.979089607962248,31.8
EST,2022,9.95338660136682,32.3
EST,2023,9.90978632598162,30.7
ETH,1995,5.447730200346377,44.6
ETH,1999,5.48315538475389,30.0
ETH,2004,5.5907015419850365,29.8
ETH,2010,6.04476505384559,33.2
ETH,2015,6.39344377528803,35.0
ETH,2021,6.672864270197742,31.1
FIN,1987,10.254582701150582,22.2
FIN,1991,10.285034808846994,22.9
FIN,1995,10.305296797077705,23.5
FIN,2000,10.54198322818293,27.2
FIN,2003,10.597608857738258,27.7
FIN,2004,10.633977792119145,27.9
FIN,2005,10.657949721074669,27.6
FIN,2006,10.693520849629339,28.0
FIN,2007,10.741031351305585,28.3
FIN,2008,10.744189564154127,27.8
FIN,2009,10.65519872389004,27.5
FIN,2010,10.681815110699374,27.7
FIN,2011,10.700802242658,27.6
FIN,2012,10.680698603596396,27.1
FIN,2013,10.666245645191548,27.2
FIN,2014,10.657317894845738,26.8
FIN,2015,10.658678246085698,27.1
FIN,2016,10.68119819509062,27.1
FIN,2017,10.711351303153466,27.4
FIN,2018,10.721884069873319,27.3
FIN,2019,10.734189259287104,27.7
FIN,2020,10.70752697299843,27.1
FIN,2021,10.731865674190225,27.7
FIN,2022,10.736747683651803,27.9
FIN,2023,10.718774518542816,27.4
FRA,1970,9.747819178900341,37.1
FRA,1975,9.899698995378332,35.9
FRA,1979,10.034175228434984,34.0
FRA,1984,10.090050834547268,33.4
FRA,1990,10.239708870077546,32.1
FRA,1996,10.298356000726578,32.0
FRA,1997,10.319744975933151,31.9
FRA,1998,10.349982869744483,31.7
FRA,1999,10.378252352768595,32.5
FRA,2000,10.41196455938631,32.6
FRA,2001,10.423491143620433,32.5
FRA,2002,10.426841714324294,31.8
FRA,2003,10.429417063317526,31.4
FRA,2004,10.450369670643694,30.6
FRA,2005,10.46156035781355,29.8
FRA,2006,10.481375840933726,29.7
FRA,2007,10.500183536717612,32.4
FRA,2008,10.498397836691959,33.0
FRA,2009,10.46461223230059,32.7
FRA,2010,10.479488279806773,33.7
FRA,2011,10.498745023373234,33.3
FRA,2012,10.495744539126457,33.1
FRA,2013,10.498362554628631,32.5
FRA,2014,10.503542950822526,32.3
FRA,2015,10.510598309049092,32.7
FRA,2016,10.516523159928422,31.9
FRA,2017,10.534243183775834,31.6
FRA,2018,10.546983342576375,32.4
FRA,2019,10.563729425368221,31.2
FRA,2020,10.483163766260127,30.7
FRA,2021,10.546153139940396,31.5
FRA,2022,10.567935067766882,31.2
FRA,2023,10.579473701890324,31.8
GBR,1968,9.84164892955919,26.8
GBR,1969,9.85669665738178,27.9
GBR,1970,9.879434919055969,28.0
GBR,1971,9.895105365475754,29.3
GBR,1972,9.927336448650737,28.8
GBR,1973,9.995988963892128,28.8
GBR,1974,9.978418723406538,29.0
GBR,1975,9.97170124353255,27.9
GBR,1976,9.999607739649743,27.6
GBR,1977,10.023295039751096,27.1
GBR,1978,10.056708845131288,27.2
GBR,1979,10.082908811273999,27.4
GBR,1980,10.059681685874784,28.5
GBR,1981,10.046010529294433,29.7
GBR,1982,10.067083608355079,29.9
GBR,1983,10.102344714891201,29.8
GBR,1984,10.127120880115712,29.2
GBR,1985,10.160212541006658,30.4
GBR,1986,10.197235701286083,31.9
GBR,1987,10.239720112590565,33.9
GBR,1988,10.28659532256088,34.3
GBR,1989,10.306550317089005,33.4
GBR,1990,10.311323466784343,35.7
GBR,1991,10.295222343281756,35.0
GBR,1992,10.305382216834882,35.0
GBR,1993,10.337294276206352,35.1
GBR,1994,10.383094771593255,36.0
GBR,1995,10.41517329011568,35.5
GBR,1996,10.43844014324964,35.3
GBR,1997,10.483511123360252,35.7
GBR,1998,10.51254441599142,36.6
GBR,1999,10.53822977803471,36.8
GBR,2000,10.578906935959393,38.9
GBR,2001,10.598686026147227,37.1
GBR,2002,10.611398533105135,35.1
GBR,2003,10.638420192766988,34.9
GBR,2004,10.655724551877935,34.8
GBR,2005,10.676382694300225,35.5
GBR,2006,10.690694098683508,35.9
GBR,2007,10.711795251008132,34.4
GBR,2008,10.703430685941642,35.4
GBR,2009,10.648907150700913,35.1
GBR,2010,10.663421993615653,33.7
GBR,2011,10.664085262516195,33.2
GBR,2012,10.672129437639674,33.1
GBR,2013,10.68248836713804,32.7
GBR,2014,10.706129570954941,33.1
GBR,2015,10.720091425900469,33.3
GBR,2016,10.733974395454329,33.1
GBR,2017,10.758316647036539,32.6
GBR,2018,10.768826194480233,33.7
GBR,2019,10.776179814785435,32.8
GBR,2020,10.668607408899039,32.7
GBR,2021,10.747024927230289,32.4
GEO,1996,7.079288185532387,37.1
GEO,1997,7.211396958204062,40.7
GEO,1998,7.2666830359156025,41.2
GEO,1999,7.315526384744354,40.1
GEO,2000,7.3532091874893375,40.5
GEO,2001,7.415674798754026,39.6
GEO,2002,7.47794186249235,37.2
GEO,2003,7.589569196739825,36.6
GEO,2004,7.65207299240279,36.2
GEO,2005,7.750012245177596,37.4
GEO,2006,7.845734128141321,36.9
GEO,2007,7.969405137405952,38.1
GEO,2008,7.996370625261619,38.5
GEO,2009,7.968061876581072,38.2
GEO,2010,8.035947449482942,39.5
GEO,2011,8.120321950975983,39.6
GEO,2012,8.19140232888114,39.0
GEO,2013,8.244466988701284,38.6
GEO,2014,8.28408788641567,37.6
GEO,2015,8.315474075721646,36.5
GEO,2016,8.34879620797026,36.6
GEO,2017,8.398974235046817,37.9
GEO,2018,8.45821858661897,36.4
GEO,2019,8.51234374824076,35.9
GEO,2020,8.446686872355555,34.5
GEO,2021,8.551633004229327,34.2
GEO,2022,8.65457046590989,33.5
GEO,2023,8.72917396650096,34.8
GEO,2024,8.79578775566817,33.9
GHA,1987,6.689511715817729,35.3
GHA,1988,6.720241129084021,36.0
GHA,1991,6.778370368168698,38.4
GHA,1998,6.89993106750372,40.1
GHA,2005,7.041684408174118,42.8
GHA,2012,7.402781174330231,42.4
GHA,2016,7.462106386506756,43.5
GIN,1991,6.292721711139453,45.6
GIN,1994,6.320701353675846,46.1
GIN,2002,6.477825789345846,43.0
GIN,2007,6.5127834197966274,39.4
GIN,2012,6.578564749774563,33.7
GIN,2018,6.802291789183961,29.6
GNB,1991,6.372612225265042,55.8
GNB,1993,6.341875037910797,43.6
GNB,2002,6.386947558030213,35.6
GNB,2010,6.439197048309351,50.6
GNB,2018,6.5315433242342085,34.8
GNB,2021,6.5922180046582115,33.4
GRC,1995,9.67139256849239,36.5
GRC,2000,9.798288493921106,34.4
GRC,2002,9.88064707061025,35.5
GRC,2003,9.93461094105719,32.8
GRC,2004,9.984519236978075,33.6
GRC,2005,9.993352323137543,34.6
GRC,2006,10.05279218530422,35.1
GRC,2007,10.08471240855404,34.0
GRC,2008,10.08263240532506,33.6
GRC,2009,10.037936915266377,33.6
GRC,2010,9.97802548337689,34.1
GRC,2011,9.875512669062738,34.8
GRC,2012,9.793932811716232,36.3
GRC,2013,9.77820074620124,36.1
GRC,2014,9.792752913444167,35.8
GRC,2015,9.797055898070218,36.0
GRC,2016,9.800897030118499,35.0
GRC,2017,9.81749865878462,34.4
GRC,2018,9.83996392753441,32.9
GRC,2019,9.863533720531763,33.1
GRC,2020,9.769210243689429,33.6
GRC,2021,9.864293860796053,32.9
GRC,2022,9.930640789735907,33.4
GRC,2023,9.954696921932085,33.4
GTM,1986,7.885759056994575,54.1
GTM,1989,7.91372517805622,58.8
GTM,1998,8.035919064777675,49.4
GTM,2000,8.06020335773018,54.2
GTM,2006,8.128039815933025,54.5
GTM,2014,8.24528363451438,48.3
GTM,2023,8.404932288649032,45.2
HND,1989,5.9630256461466695,55.4
HND,1990,6.126827786079542,55.9
HND,1991,6.329944752694043,51.8
HND,1992,6.388038581740054,51.8
HND,1993,6.487485867726333,53.4
HND,1994,6.713917677025086,55.0
HND,1995,6.906110491243271,55.5
HND,1996,7.08455185871165,55.7
HND,1997,7.258926875145865,52.7
HND,1998,7.341974948869521,57.3
HND,1999,7.4252264669323385,55.2
HND,2001,7.48951725423363,55.4
HND,2002,7.499961637894678,55.7
HND,2003,7.518768713105256,58.1
HND,2004,7.554287415846978,58.1
HND,2005,7.588757243651944,59.5
HND,2006,7.628777765251771,57.5
HND,2007,7.6658449958021375,55.8
HND,2008,7.6848515706753915,55.5
HND,2009,7.638346883988053,51.3
HND,2010,7.653719336371345,53.1
HND,2011,7.670690920319553,52.6
HND,2012,7.6909231236638504,53.4
HND,2013,7.698664751950635,50.0
HND,2014,7.709419463290649,49.9
HND,2015,7.728064776258591,49.2
HND,2016,7.747480178426329,49.8
HND,2017,7.776272403264893,49.4
HND,2018,7.7957021053986795,48.9
HND,2019,7.802869969930534,48.2
HND,2023,7.834896397263408,46.8
HND,2024,7.85372939247482,45.7
HRV,1998,9.056916327025583,28.7
HRV,1999,9.05269579320283,27.6
HRV,2000,9.09161065112197,31.3
HRV,2001,9.160722215315799,31.1
HRV,2004,9.311011376440927,29.7
HRV,2008,9.47043393506152,33.7
HRV,2009,9.400936311686397,32.6
HRV,2010,9.389752826070092,32.4
HRV,2011,9.392089574727283,32.3
HRV,2012,9.374208146049614,32.5
HRV,2013,9.379108447129262,32.0
HRV,2014,9.381161178832615,32.1
HRV,2015,9.416042708105977,31.1
HRV,2016,9.460980308816126,30.9
HRV,2017,9.509360757335081,30.4
HRV,2018,9.551164535233514,29.7
HRV,2019,9.591640754590063,28.9
HRV,2020,9.513827402634133,29.5
HRV,2021,9.641816648072357,28.9
HRV,2022,9.718261785319784,30.0
HRV,2023,9.754143246574452,30.1
HUN,1987,9.071058230130761,20.9
HUN,1989,9.090165218440077,25.0
HUN,1991,8.938353193850011,29.6
HUN,1993,8.902986091856473,27.9
HUN,1994,8.933400530910587,33.3
HUN,1998,9.023752229651365,26.4
HUN,1999,9.056978804837003,30.2
HUN,2000,9.102725738372246,27.2
HUN,2001,9.144836471082037,26.9
HUN,2002,9.19390003223576,26.8
HUN,2003,9.235396227928526,30.9
HUN,2004,9.286049537171168,29.9
HUN,2005,9.330142216715485,34.7
HUN,2006,9.370284620027851,28.3
HUN,2007,9.375151804223755,27.9
HUN,2008,9.386788127288737,27.5
HUN,2009,9.318556539942156,27.0
HUN,2010,9.331439562362826,29.4
HUN,2011,9.353258883634082,29.2
HUN,2012,9.344937894871526,30.8
HUN,2013,9.369868460150887,31.5
HUN,2014,9.416327831067596,30.9
HUN,2015,9.455866846819694,30.4
HUN,2016,9.48384663995505,30.3
HUN,2017,9.527647575569224,30.6
IDN,1984,7.083044321947273,32.3
IDN,1987,7.15158915755573,30.4
IDN,1990,7.293642125980137,31.1
IDN,1993,7.434320833173176,31.8
IDN,1996,7.611343502315614,34.2
IDN,1998,7.484481274835612,30.9
IDN,1999,7.477329696065892,30.8
IDN,2000,7.511033910001544,30.3
IDN,2001,7.532940336868642,31.2
IDN,2002,7.56339494454081,30.2
IDN,2003,7.596853375586996,29.3
IDN,2004,7.633227420160034,30.4
IDN,2005,7.6757537775135924,29.9
IDN,2006,7.716051015834325,31.5
IDN,2007,7.7643609115767465,33.2
IDN,2008,7.809785586289368,32.6
IDN,2009,7.842365066469774,33.4
IDN,2010,7.890138165690505,34.6
IDN,2011,7.937240647144549,37.9
IDN,2012,7.982934630154651,37.1
IDN,2013,8.024614233453086,38.9
IDN,2014,8.061714295302249,38.8
IDN,2015,8.09810248419129,38.2
IDN,2016,8.136462661371946,36.9
IDN,2017,8.175693938429035,36.4
IDN,2018,8.21644521178391,36.3
IDN,2019,8.25606300168653,35.4
IDN,2020,8.226693570902942,35.3
IDN,2021,8.256007313238973,35.5
IDN,2022,8.300258389089292,35.5
IDN,2023,8.341086842622474,36.1
IDN,2024,8.382048479458371,34.9
IDN,2025,8.424020448251365,34.4
IND,1977,5.980007431343878,29.7
IND,1983,6.069418695377619,27.2
IND,1987,6.15105033628222,27.5
IND,1993,6.3339417043660005,26.1
IND,2004,6.794134759426066,27.7
IND,2009,7.051943612797376,27.8
IND,2011,7.155872803144619,28.8
IND,2022,7.64884047252486,25.5
IRL,1987,9.866887011152564,35.5
IRL,1994,10.175943385987138,36.9
IRL,1995,10.262797638206795,37.0
IRL,1996,10.326085188278505,35.6
IRL,2000,10.659597334815277,33.0
IRL,2002,10.735841917249259,32.3
IRL,2003,10.749245557098549,32.9
IRL,2004,10.796639103723713,33.6
IRL,2005,10.830663076992838,33.8
IRL,2006,10.852377498467067,32.7
IRL,2007,10.875207217259875,31.9
IRL,2008,10.80894298253408,30.9
IRL,2009,10.746484306991263,32.7
IRL,2010,10.757725130159226,32.3
IRL,2011,10.76932501970944,32.9
IRL,2012,10.76102906285345,33.2
IRL,2013,10.777455886695826,33.5
IRL,2014,10.859856708820013,31.9
IRL,2015,11.070539158679278,31.8
IRL,2016,11.06985162828991,32.8
IRL,2017,11.15265294469854,31.4
IRL,2018,11.212212931086379,30.6
IRL,2019,11.244858235578402,30.3
IRL,2020,11.301314364517266,29.2
IRL,2021,11.437999659259562,29.4
IRL,2022,11.490613766591297,29.9
IRL,2023,11.446165431356981,29.0
IRN,1986,8.08174879095022,47.4
IRN,1990,8.077819953797071,43.6
IRN,1994,8.145624909929019,43.0
IRN,1998,8.2173212921071,44.1
IRN,2005,8.44469957408565,43.6
IRN,2006,8.471943379078233,44.8
IRN,2009,8.521960438739798,42.1
IRN,2011,8.57955911181092,34.7
IRN,2012,8.528854212287344,34.4
IRN,2013,8.500448359868757,34.0
IRN,2014,8.535662223403056,34.8
IRN,2015,8.507694936536325,35.3
IRN,2016,8.57783988349113,35.9
IRN,2017,8.593272332655868,36.7
IRN,2018,8.542319847097776,37.4
IRN,2019,8.507639033619936,36.5
IRN,2020,8.543411333963832,35.8
IRN,2021,8.575579586906029,35.5
IRN,2022,8.606176942485563,34.8
IRN,2023,8.646086538386578,35.9
ISL,2003,10.71639187687901,26.8
ISL,2004,10.781073040524634,28.0
ISL,2005,10.833176942954799,29.0
ISL,2006,10.86486882264863,30.2
ISL,2007,10.92336971907279,29.5
ISL,2008,10.92162728673776,31.8
ISL,2009,10.831332963583085,28.7
ISL,2010,10.81030326733911,26.2
ISL,2011,10.820954198083005,26.8
ISL,2012,10.827258472027884,26.8
ISL,2013,10.853137383566025,25.4
ISL,2014,10.860969666254384,27.8
ISL,2015,10.8875434021307,26.8
ISL,2016,10.933986812313744,27.2
ISL,2017,10.944788122065628,26.1
ISL,2018,10.963560869920638,26.6
ISL,2019,10.952889381082931,26.8
ISR,1979,9.838226004970824,36.3
ISR,1986,9.923304738525722,36.5
ISR,1992,10.071077778875997,35.5
ISR,1997,10.208919470437998,38.1
ISR,2001,10.268270921364092,38.9
ISR,2002,10.246600363683719,39.6
ISR,2003,10.24278883351691,40.7
ISR,2004,10.27055855276798,41.5
ISR,2005,10.295534597203016,42.3
ISR,2006,10.332260113175682,41.6
ISR,2007,10.37571716308418,41.1
ISR,2008,10.38960325878136,41.6
ISR,2009,10.37782909221301,42.6
ISR,2010,10.413525999508337,42.6
ISR,2011,10.448713180591845,41.5
ISR,2012,10.45406523667223,41.3
ISR,2013,10.475491751594292,39.9
ISR,2014,10.492803195240448,39.8
ISR,2015,10.49510397493118,39.7
ISR,2016,10.51986199451407,39.0
ISR,2017,10.542997159561487,38.2
ISR,2018,10.563465930341833,38.6
ISR,2019,10.579540405100516,38.3
ISR,2020,10.543718568236718,37.8
ISR,2021,10.616149063410235,37.9
ISR,2022,10.658183042926506,38.3
ITA,1977,9.879348379361527,34.0
ITA,1978,9.907672792657602,33.3
ITA,1979,9.962664866980612,33.3
ITA,1980,9.994329896904684,32.9
ITA,1981,10.001536193275344,31.6
ITA,1982,10.00492270247099,29.2
ITA,1983,10.016183966698364,29.8
ITA,1984,10.047709600912873,31.3
ITA,1986,10.103161035368542,31.2
ITA,1987,10.134479747242512,34.2
ITA,1989,10.207656856537419,32.1
ITA,1991,10.241057949676414,31.1
ITA,1993,10.239510863295493,35.1
ITA,1995,10.289032939038652,35.2
ITA,1998,10.338258222585209,36.7
ITA,2000,10.39236407133272,35.2
ITA,2002,10.412334643742938,34.7
ITA,2003,10.407595760382595,34.9
ITA,2004,10.414782300707424,34.3
ITA,2005,10.41654095710411,33.8
ITA,2006,10.430374973291826,33.7
ITA,2007,10.438808040299792,32.9
ITA,2008,10.420811041774327,33.8
ITA,2009,10.36050294365907,33.8
ITA,2010,10.371256009460247,34.7
ITA,2011,10.374724896986937,35.1
ITA,2012,10.34023860303618,35.2
ITA,2013,10.319893331311004,34.9
ITA,2014,10.319728682843698,34.7
ITA,2015,10.330057804498121,35.4
ITA,2016,10.344245132051489,35.2
ITA,2017,10.362035906529954,35.9
ITA,2018,10.372354339411459,35.2
ITA,2019,10.379113910254729,34.6
ITA,2020,10.291121252629488,35.2
ITA,2021,10.381822291048463,34.8
ITA,2022,10.430930932943047,33.7
ITA,2023,10.440615759301478,34.3
JAM,1988,8.37487001433641,43.2
JAM,1990,8.470861982746346,41.1
JAM,1993,8.598469139934071,35.7
JAM,1996,8.604323341558661,40.4
JAM,1999,8.554102735193771,44.1
JAM,2002,8.576570275281398,48.3
JAM,2004,8.61381185135065,45.5
JAM,2018,8.651352723657938,35.3
JAM,2021,8.63185202428082,39.9
JOR,1986,8.457177535177271,36.1
JOR,1992,8.178846214202164,43.1
JOR,1997,8.183690193481418,36.4
JOR,2002,8.288887309809377,37.0
JOR,2006,8.433065454961849,33.9
JOR,2008,8.497476790473112,32.6
JOR,2010,8.530404970293183,33.7
JPN,2008,10.43436846328704,34.6
JPN,2009,10.373299251032167,33.0
JPN,2010,10.413651574637631,31.5
JPN,2011,10.41349825111993,33.0
JPN,2012,10.43145023015675,32.5
JPN,2013,10.452668875283202,31.5
JPN,2014,10.463014184373353,31.3
JPN,2015,10.481915130021003,30.7
JPN,2016,10.489451635006422,31.8
JPN,2017,10.506374513703035,31.8
JPN,2018,10.515950155308118,32.9
JPN,2019,10.514265067548665,33.0
JPN,2020,10.473429829569152,32.3
KAZ,1993,8.34833141258714,32.7
KAZ,1996,8.18405872183327,35.4
KAZ,2001,8.481053681107872,36.0
KAZ,2002,8.569348929876957,34.8
KAZ,2003,8.652498608213037,33.7
KAZ,2004,8.737660267160361,31.8
KAZ,2005,8.822824933568548,39.8
KAZ,2006,8.91602258117973,30.2
KAZ,2007,8.99179572921663,30.1
KAZ,2008,9.013902261750278,28.5
KAZ,2009,9.014130715501834,28.2
KAZ,2010,9.071619141679536,28.0
KAZ,2011,9.129488401414495,28.0
KAZ,2012,9.162400897365673,28.2
KAZ,2013,9.20630482703776,27.1
KAZ,2014,9.232758209369432,27.0
KAZ,2015,9.22976279225756,26.8
KAZ,2016,9.225369202550446,27.2
KAZ,2017,9.249971757006811,27.5
KAZ,2018,9.275211214279073,27.8
KAZ,2019,9.304712300109017,28.0
KAZ,2020,9.265305335782502,28.7
KAZ,2021,9.294073939503082,29.2
KEN,1992,7.135638545059951,56.9
KEN,1994,7.106429164142582,43.1
KEN,1997,7.1116715011292895,45.0
KEN,2005,7.1094278780513624,46.4
KEN,2015,7.305940350326721,40.8
KEN,2020,7.383575795278356,36.2
KEN,2021,7.4377337794223415,38.7
KEN,2022,7.465959778972922,38.5
KGZ,1998,6.514798980701419,46.3
KGZ,2000,6.576946937537752,31.0
KGZ,2001,6.619304617323415,30.2
KGZ,2002,6.609946101559569,30.3
KGZ,2003,6.667402589947659,28.7
KGZ,2004,6.723209775784868,34.8
KGZ,2005,6.710169233736901,32.6
KGZ,2006,6.729988963282616,37.4
KGZ,2007,6.802425834949683,33.9
KGZ,2008,6.8735881449924054,31.5
KGZ,2009,6.8887976173607335,29.9
KGZ,2010,6.8698091346426935,30.1
KGZ,2011,6.913223479268187,27.8
KGZ,2012,6.893501460859957,27.4
KGZ,2013,6.975212079410454,28.8
KGZ,2014,6.992631341580301,26.8
KGZ,2015,7.008190429517273,29.0
KGZ,2016,7.028481677609842,26.8
KGZ,2017,7.05374367287057,27.3
KGZ,2018,7.069084086759415,27.7
KGZ,2019,7.091639792303957,29.7
KGZ,2020,6.996982051067232,29.0
KGZ,2021,7.032231137099607,28.8
KGZ,2022,7.100174125481829,26.4
KGZ,2023,7.168778063161089,27.2
KGZ,2024,7.260934492522644,27.5
KOR,2006,10.050276314587203,31.7
KOR,2008,10.12400925527797,32.3
KOR,2010,10.18953261252483,32.0
KOR,2012,10.237959805487082,31.6
KOR,2014,10.29115092240545,31.2
KOR,2016,10.341916896889888,35.2
KOR,2017,10.372862944802542,34.9
KOR,2018,10.399794957607943,33.7
KOR,2019,10.41919060373782,33.2
KOR,2020,10.410784855878186,32.7
KOR,2021,10.45716976361207,32.9
LAO,1992,6.493199771034531,34.3
LAO,1997,6.708335396976584,34.9
LAO,2002,6.902232297322216,32.6
LAO,2007,7.170954560494024,35.4
LAO,2012,7.481350527080471,36.0
LAO,2018,7.807907989198822,38.8
LAO,2024,7.908783443491152,34.7
LKA,1985,7.117800768224551,32.5
LKA,1990,7.236043774009545,32.4
LKA,1995,7.427352635756623,35.4
LKA,2002,7.5762127743406955,40.2
LKA,2006,7.794142825368151,39.7
LKA,2009,7.932819158525343,36.1
LKA,2012,8.156163201997577,38.7
LKA,2016,8.346343462186052,39.3
LKA,2019,8.401957832447152,37.7
LTU,1993,8.557652100471223,33.2
LTU,1996,8.55854629325402,32.3
LTU,1998,8.724885578954783,32.1
LTU,1999,8.720949774436969,32.0
LTU,2000,8.761598486059869,31.7
LTU,2001,8.832664315821049,32.0
LTU,2002,8.905728864712287,31.9
LTU,2003,9.014166517130162,35.5
LTU,2004,9.088390340225851,37.0
LTU,2005,9.179145691791812,35.3
LTU,2006,9.266457395918302,34.4
LTU,2007,9.383398700866026,34.8
LTU,2008,9.419346031266365,35.7
LTU,2009,9.269827443918208,37.2
LTU,2010,9.29505977471369,33.6
LTU,2011,9.378961846276315,32.5
LTU,2012,9.43481251284963,35.1
LTU,2013,9.483858122194823,35.3
LTU,2014,9.529026046974057,37.7
LTU,2015,9.565900974414994,37.4
LTU,2016,9.603942536356517,38.4
LTU,2017,9.66116113904556,37.3
LTU,2018,9.717453240633645,35.7
LTU,2019,9.766047038279611,35.3
LTU,2020,9.766731266286294,36.0
LTU,2021,9.829425937275333,36.7
LTU,2022,9.845532261123843,36.6
LTU,2023,9.838891977222683,36.0
LUX,1985,10.777881617201334,26.3
LUX,1986,10.868559063728112,28.1
LUX,1987,10.90082746244883,29.5
LUX,1988,10.97481283557337,28.8
LUX,1989,11.058559247052292,30.8
LUX,1990,11.097874274297443,27.7
LUX,1991,11.167385497067487,27.2
LUX,1992,11.172134993588744,27.3
LUX,1993,11.199859263441622,27.0
LUX,1994,11.223738181740028,28.2
LUX,1995,11.223911168497406,28.3
LUX,1996,11.22418366269885,29.1
LUX,1997,11.26442822854804,29.6
LUX,1998,11.31659861764709,30.6
LUX,1999,11.381683022732027,30.1
LUX,2000,11.435322122859983,30.1
LUX,2001,11.453697220234687,30.9
LUX,2002,11.474964292429998,31.1
LUX,2003,11.488667636688167,30.2
LUX,2004,11.51589063447312,30.2
LUX,2005,11.525112002873286,30.8
LUX,2006,11.567587241751982,30.9
LUX,2007,11.630016229895714,31.1
LUX,2008,11.609113956065205,32.6
LUX,2009,11.557670527263427,31.2
LUX,2010,11.576330734059738,30.5
LUX,2011,11.564492839082202,32.1
LUX,2012,11.556839934456814,34.3
LUX,2013,11.564952432522976,32.0
LUX,2014,11.567275399860009,31.2
LUX,2015,11.566106096767557,32.9
LUX,2016,11.593135409684555,31.7
LUX,2017,11.581910853760451,34.5
LUX,2018,11.578607031358436,35.4
LUX,2019,11.586100640467407,34.2
LUX,2020,11.564323485350888,33.4
LUX,2021,11.61614172076635,32.7
LUX,2022,11.584940256197747,34.1
LUX,2023,11.565733875261605,33.6
LVA,1993,8.403962089410827,27.0
LVA,1995,8.44712868899316,31.0
LVA,1996,8.481131546060839,31.6
LVA,1997,8.578848806479929,34.4
LVA,1998,8.651722193255763,33.3
LVA,2002,8.915060099049965,35.1
LVA,2003,9.005650724624015,36.5
LVA,2004,9.100216745757315,36.4
LVA,2005,9.22091057163862,39.0
LVA,2006,9.350751219120642,35.6
LVA,2007,9.457984591626825,37.5
LVA,2008,9.43401934025724,37.2
LVA,2009,9.275699666271167,35.9
LVA,2010,9.259213068197027,35.0
LVA,2011,9.30733234061311,35.8
LVA,2012,9.390243234974816,35.2
LVA,2013,9.421697828426328,35.5
LVA,2014,9.451848434321084,35.1
LVA,2015,9.49717022995096,34.2
LVA,2016,9.531505822621467,34.3
LVA,2017,9.573792587331301,35.6
LVA,2018,9.62377826726125,35.1
LVA,2019,9.637461682130624,34.5
LVA,2020,9.609165455290974,35.7
LVA,2021,9.684719913140645,34.3
LVA,2022,9.706339110292909,33.7
LVA,2023,9.694578733235156,34.0
MAR,1984,7.240007109229694,36.5
MAR,1990,7.435813450576074,39.2
MAR,1998,7.566176677859204,39.4
MAR,2000,7.579240196479818,40.6
MAR,2006,7.820035146049843,40.7
MAR,2013,8.009092367633745,39.5
MDA,1997,7.282629635255891,36.9
MDA,1998,7.215373507281999,39.5
MDA,1999,7.182680742652346,42.6
MDA,2000,7.205572569970748,36.4
MDA,2001,7.267020689738975,38.0
MDA,2002,7.344443959671323,35.8
MDA,2003,7.411173309972095,34.9
MDA,2004,7.485037775118744,35.0
MDA,2005,7.559791625206144,36.3
MDA,2006,7.609454437228825,35.4
MDA,2007,7.641330424911858,34.4
MDA,2008,7.718341390309488,34.7
MDA,2009,7.6577286177050174,32.9
MDA,2010,7.727319739910406,32.1
MDA,2011,7.784450123967318,30.6
MDA,2012,7.778666421877294,29.2
MDA,2013,7.865514311622449,28.5
MDA,2014,7.914910633093125,26.8
MDA,2015,7.9191930393679435,27.0
MDA,2016,7.976236439923537,26.3
MDA,2017,8.03441489110945,25.9
MDA,2018,8.091932263900603,25.7
MDA,2019,8.14284217837886,26.0
MDA,2020,8.06743661337088,25.0
MDA,2021,8.212884945475608,25.7
MDA,2022,8.191502705235212,25.9
MDA,2023,8.231740317629335,26.8
MDG,1980,6.529565819812493,46.8
MDG,1993,6.1657533721540725,45.2
MDG,1997,6.112139396040779,39.4
MDG,1999,6.131301247550797,38.6
MDG,2001,6.1704589395028915,47.4
MDG,2005,6.111368068303234,39.9
MDG,2010,6.103491365332874,42.4
MDG,2012,6.092760187621575,42.6
MDG,2021,6.067497155248701,36.8
MEX,1984,9.01285523199945,48.5
MEX,1989,8.959800676235025,50.1
MEX,1992,9.027650459502315,52.3
MEX,1994,9.062244044349661,53.4
MEX,1996,9.026496011129996,52.0
MEX,1998,9.12280834431784,53.3
MEX,2000,9.167638455470653,53.4
MEX,2002,9.131543764230113,50.6
MEX,2004,9.150727275536402,50.3
MEX,2005,9.15815376319475,50.9
MEX,2006,9.191547694779059,49.7
MEX,2008,9.192822036515162,50.8
MEX,2010,9.147301229756302,47.7
MEX,2012,9.188352169827196,49.6
MEX,2014,9.196493064363933,48.9
MEX,2016,9.2203404164037,46.9
MEX,2018,9.239595156557186,46.0
MEX,2020,9.130717301987913,44.6
MEX,2022,9.21166428748381,43.5
MEX,2024,9.23834784459323,42.6
MKD,1998,8.019000710347171,28.1
MKD,2000,8.096628457873,34.3
MKD,2002,8.083362757975165,38.5
MKD,2003,8.104074995499568,38.7
MKD,2004,8.15299442814708,38.4
MKD,2005,8.204552378676441,39.3
MKD,2006,8.260168736376048,42.6
MKD,2008,8.387665366133492,46.1
MKD,2009,8.390541044147287,42.8
MKD,2010,8.429970557594938,40.1
MKD,2011,8.457683132467706,39.4
MKD,2012,8.457029446518554,38.1
MKD,2013,8.48955081431236,36.2
MKD,2014,8.527885823401416,35.2
MKD,2015,8.568396958460816,35.6
MKD,2016,8.599684612434945,34.5
MKD,2017,8.614468462655624,34.2
MKD,2018,8.647939544764558,33.0
MKD,2019,8.693091623035492,33.5
MLI,1994,6.4615947447833255,50.1
MLI,2001,6.6424350963160546,39.9
MLI,2006,6.680980809962873,38.9
MLI,2009,6.688960680909535,33.0
MLI,2018,6.794562305987584,36.0
MLI,2021,6.771170669370656,35.7
MLT,2006,9.824401291158187,28.0
MLT,2007,9.870050528040338,29.2
MLT,2008,9.906704960601118,29.0
MLT,2009,9.885115144640713,30.2
MLT,2010,9.940332284113836,29.0
MLT,2011,9.945968392916484,29.1
MLT,2012,9.977174176781398,29.4
MLT,2013,10.026876520412557,28.8
MLT,2014,10.080212459903496,29.0
MLT,2015,10.147596557588672,29.4
MLT,2016,10.164678050753091,29.1
MLT,2017,10.259294747390365,29.2
MLT,2018,10.293391930920295,28.7
MLT,2019,10.292912977147441,31.0
MLT,2020,10.23501211678321,31.4
MLT,2021,10.355184099191574,31.6
MLT,2022,10.356071324875137,34.6
MLT,2023,10.417203511533016,31.8
MNE,2005,8.510708783202205,30.2
MNE,2006,8.591657749908888,30.0
MNE,2007,8.659219984894689,31.4
MNE,2008,8.724155764719773,30.5
MNE,2009,8.66019412347567,31.0
MNE,2010,8.685739488027894,28.9
MNE,2011,8.717789619015496,30.8
MNE,2012,8.69087357481033,41.2
MNE,2013,8.722294744745602,39.0
MNE,2014,8.743864627239612,38.8
MNE,2015,8.767329156720102,39.0
MNE,2016,8.80002079578283,38.5
MNE,2017,8.830675800193273,36.9
MNE,2018,8.876190925394813,36.8
MNE,2019,8.91868941734561,35.7
MNE,2020,8.756517427251728,35.4
MNE,2021,8.881600336407983,34.3
MNG,1995,7.312730235057171,33.2
MNG,1998,7.362440402770404,30.3
MNG,2002,7.426937897613762,32.9
MNG,2007,7.784774548051303,35.8
MNG,2010,7.86774639284731,33.1
MNG,2011,8.00996655907954,33.9
MNG,2012,8.107167188010816,33.8
MNG,2014,8.25071379070713,32.0
MNG,2016,8.247460953034002,32.3
MNG,2018,8.338988508131704,32.7
MNG,2022,8.344240143608863,31.4
MOZ,1996,5.425824026152221,53.3
MOZ,2002,5.829343686083938,46.9
MOZ,2008,6.133283708601263,45.5
MOZ,2014,6.372067668344984,54.0
MOZ,2019,6.425094800688096,50.7
MOZ,2022,6.390386010393377,49.6
MRT,1987,7.3068122704000205,43.9
MRT,1993,7.258774671128621,49.5
MRT,1995,7.2599591686008536,37.7
MRT,2000,7.176186323850898,39.0
MRT,2004,7.201930669790764,40.2
MRT,2008,7.325186322170231,35.7
MRT,2014,7.329391204921639,32.6
MRT,2019,7.383463830237113,32.0
MYS,1984,8.208046666965744,48.5
MYS,1987,8.162804057512634,47.0
MYS,1989,8.282436141873417,46.2
MYS,1992,8.460863634581017,47.7
MYS,1995,8.660661668195443,48.5
MYS,1997,8.776561664448847,49.1
MYS,2003,8.814764280155496,46.4
MYS,2006,8.918624935385537,44.8
MYS,2008,8.984207087579115,45.5
MYS,2011,9.036025375384428,43.6
MYS,2013,9.101061885413454,41.3
MYS,2015,9.17457637603625,41.1
MYS,2018,9.269570612593471,41.2
MYS,2021,9.248432247470918,40.7
NER,1992,6.097248717464506,36.0
NER,1994,6.05506709934062,41.5
NER,2005,6.009282193524459,44.4
NER,2007,6.02446191192748,37.3
NER,2011,6.075314455587776,31.5
NER,2014,6.179489076453245,34.3
NER,2018,6.241101429750416,37.3
NER,2021,6.255582563253701,32.9
NGA,1985,7.264679391618522,38.7
NGA,1992,7.359588716971446,44.9
NGA,1996,7.255663231207413,51.9
NGA,2003,7.448458786767408,40.1
NGA,2010,7.747366572588008,35.7
NGA,2012,7.784745308155398,35.5
NGA,2015,7.857764540382057,35.9
NGA,2018,7.796378193844972,35.1
NGA,2022,7.720590703201436,33.9
NIC,1993,7.069972219353498,57.1
NIC,1998,7.204946566177612,54.4
NIC,2001,7.301360450231303,52.9
NIC,2005,7.378688293137505,48.8
NIC,2009,7.411991413446985,43.9
NIC,2014,7.604221294344823,46.2
NLD,1983,10.171216020172121,28.4
NLD,1987,10.252937405043541,26.8
NLD,1990,10.351657757567878,31.1
NLD,1993,10.38275950969428,30.4
NLD,1999,10.578947143794764,28.1
NLD,2004,10.637371820838823,29.8
NLD,2005,10.65517124895427,29.0
NLD,2006,10.688326820533101,30.0
NLD,2007,10.72427001308344,29.6
NLD,2008,10.741323621474573,29.3
NLD,2009,10.698839368583005,27.9
NLD,2010,10.70681738979929,27.8
NLD,2011,10.719730738225008,27.8
NLD,2012,10.706203805516967,27.6
NLD,2013,10.702953141663102,28.1
NLD,2014,10.715351812192356,28.6
NLD,2015,10.73190428550867,28.2
NLD,2016,10.750536110988945,28.2
NLD,2017,10.772059348285007,28.5
NLD,2018,10.78855601392628,28.1
NLD,2019,10.804746364866567,29.2
NLD,2020,10.759743047727733,26.0
NLD,2021,10.815385306100119,25.7
NOR,1979,10.559083141312378,26.9
NOR,1986,10.790793840785764,24.6
NOR,1991,10.840215049143843,25.2
NOR,1995,10.97080768002996,26.0
NOR,2000,11.12153101574343,27.4
NOR,2003,11.151989472181164,27.6
NOR,2004,11.188470424309074,31.6
NOR,2005,11.210924628202102,30.6
NOR,2006,11.230945526453903,26.4
NOR,2007,11.254229274664855,27.1
NOR,2008,11.249960336556558,27.0
NOR,2009,11.221084799471472,26.2
NOR,2010,11.218627305853005,25.7
NOR,2011,11.219410881896332,25.3
NOR,2012,11.234124654060826,25.7
NOR,2013,11.234681922978936,26.4
NOR,2014,11.244140217509605,26.8
NOR,2015,11.25442610373778,27.5
NOR,2016,11.258449580291675,28.5
NOR,2017,11.276719163603925,27.0
NOR,2018,11.281160971684233,27.6
NOR,2019,11.289000480774247,27.7
NOR,2020,11.269413931231195,28.4
NOR,2021,11.304662387560173,29.1
NOR,2022,11.33567190472542,26.9
NOR,2023,11.32780954114185,26.5
PAK,1987,6.7916059087860425,33.3
PAK,1990,6.857392756379772,33.2
PAK,1996,6.954530686459436,28.7
PAK,1998,6.93391056496326,33.1
PAK,2001,6.964010536341795,28.7
PAK,2004,7.044901916101283,30.9
PAK,2005,7.0911043024781355,31.3
PAK,2007,7.14310852796464,29.7
PAK,2010,7.136240396308027,28.8
PAK,2011,7.1403196103313915,29.7
PAK,2013,7.177553996570383,29.5
PAK,2015,7.230179450828166,31.3
PAK,2018,7.3535185312701,29.6
PAK,2024,7.399451483539122,33.5
PAN,1979,8.474090180753084,48.7
PAN,1989,8.425772578586036,58.5
PAN,1991,8.551132080184205,58.0
PAN,1995,8.645833413502288,57.6
PAN,1997,8.719749740827606,58.1
PAN,1998,8.780321797364609,57.3
PAN,1999,8.81131291180725,56.3
PAN,2000,8.832901220551138,56.6
PAN,2001,8.822891396180937,56.7
PAN,2002,8.828373623286012,56.1
PAN,2003,8.858948825850266,55.6
PAN,2004,8.918485061185857,54.8
PAN,2005,8.979148437972452,53.8
PAN,2006,9.05461948066611,54.6
PAN,2007,9.159851639183033,52.7
PAN,2008,9.23874851160005,52.7
PAN,2009,9.236696314144593,51.8
PAN,2010,9.277818795181531,51.6
PAN,2011,9.372586666967182,51.3
PAN,2012,9.446857658683653,51.7
PAN,2013,9.490758425869842,51.5
PAN,2014,9.51867390848937,50.5
PAN,2015,9.552699166644704,50.8
PAN,2016,9.580117807598286,50.4
PAN,2017,9.618837255783216,49.9
PAN,2018,9.640540373769173,49.2
PAN,2019,9.655188457057458,49.8
PAN,2021,9.585547937980428,50.9
PAN,2023,9.73371617233685,48.9
PAN,2024,9.748161333338983,49.7
PER,1985,8.116066886178904,45.6
PER,1994,8.005893098859444,44.0
PER,1997,8.111073322278738,53.3
PER,1998,8.08896008703908,55.1
PER,1999,8.086526583387267,54.8
PER,2000,8.097509400669164,49.1
PER,2001,8.089992850389264,51.3
PER,2002,8.131162970700037,53.6
PER,2003,8.161315545801125,53.1
PER,2004,8.199904605893666,49.9
PER,2005,8.251959183297817,50.4
PER,2006,8.316633368645569,50.3
PER,2007,8.391128985115767,50.0
PER,2008,8.471887497983221,47.5
PER,2009,8.476615237408398,47.0
PER,2010,8.550123506290927,45.5
PER,2011,8.604005032808287,44.7
PER,2012,8.655222061188207,44.4
PER,2013,8.703085270909416,43.9
PER,2014,8.716686245139517,43.1
PER,2015,8.737406293698061,43.4
PER,2016,8.762842341065296,43.6
PER,2017,8.772985043676032,43.3
PER,2018,8.793785657037539,42.4
PER,2019,8.798795947456263,41.5
PER,2020,8.671086166197867,43.7
PER,2021,8.787368023895665,40.1
PER,2022,8.805568376673039,40.3
PER,2023,8.791057682517735,40.7
PER,2024,8.814668810861306,40.1
PHL,1985,7.338020674146574,41.0
PHL,1988,7.401253745259378,40.7
PHL,1991,7.412391888477497,43.8
PHL,1994,7.411402885730488,42.9
PHL,1997,7.495685895398368,46.0
PHL,2000,7.491839326239126,47.7
PHL,2003,7.545823915364357,46.6
PHL,2006,7.6546424709858805,47.2
PHL,2009,7.721670169226304,46.3
PHL,2012,7.837452311337028,46.5
PHL,2015,7.975859623618142,44.6
PHL,2018,8.134742160070255,42.3
PHL,2021,8.117006888629858,40.7
PHL,2023,8.228096155182355,39.3
POL,1992,8.484704830817119,29.3
POL,1993,8.51886161659337,26.7
POL,1995,8.643278685946392,34.6
POL,1996,8.701672096847888,32.6
POL,1998,8.80748906159393,32.3
POL,1999,8.853493234847752,32.3
POL,2000,8.909448361418155,33.0
POL,2001,8.921986193049099,32.8
POL,2002,8.94128285768953,34.1
POL,2003,8.976584994360927,34.9
POL,2004,9.02682463093347,38.0
POL,2005,9.059351981618704,35.8
POL,2006,9.120159450938822,34.7
POL,2007,9.186119834635363,34.0
POL,2008,9.228887485080271,33.5
POL,2009,9.254025040861318,33.4
POL,2010,9.288078663514185,33.2
POL,2011,9.33876115251882,33.2
POL,2012,9.353768224666355,33.0
POL,2013,9.36119092788997,33.1
POL,2014,9.400395470924495,32.8
POL,2015,9.444425606744861,31.8
POL,2016,9.474716910374987,31.2
POL,2017,9.524833198869176,29.7
POL,2018,9.585420842170386,30.2
POL,2019,9.630451637076177,28.8
POL,2020,9.621802319314305,28.5
POL,2021,9.70312160873207,28.5
POL,2022,9.75867244865389,28.9
POL,2023,9.764822032158765,28.5
PRT,2003,9.844084684759105,38.8
PRT,2004,9.859422653913747,38.9
PRT,2005,9.865355401039723,38.5
PRT,2006,9.879671806151135,38.1
PRT,2007,9.902465561885503,36.8
PRT,2008,9.90421103740784,36.6
PRT,2009,9.871539189783375,34.9
PRT,2010,9.888307094175856,35.8
PRT,2011,9.872494160627962,36.3
PRT,2012,9.835196007149635,36.0
PRT,2013,9.830794350175609,36.2
PRT,2014,9.843572821075838,35.6
PRT,2015,9.863487163188946,35.5
PRT,2016,9.886484980778611,35.2
PRT,2017,9.921533553239117,33.8
PRT,2018,9.952171739599772,33.5
PRT,2019,9.979021069470727,32.8
PRT,2020,9.892361585498369,34.7
PRT,2021,9.940190631482182,34.6
PRT,2022,10.000744383129602,36.3
PRT,2023,10.017582167929966,33.9
PRY,1990,8.308882445898986,40.8
PRY,1995,8.399577842624682,58.1
PRY,1997,8.410948588333017,54.9
PRY,1999,8.355260127269762,54.6
PRY,2001,8.28724762845027,54.6
PRY,2002,8.272938413850728,57.3
PRY,2003,8.30293959192202,54.9
PRY,2004,8.331187861372,52.3
PRY,2005,8.341238729247996,51.4
PRY,2006,8.377772943908957,53.0
PRY,2007,8.420766507531372,53.0
PRY,2008,8.474006567482823,50.7
PRY,2009,8.461172288554133,49.1
PRY,2010,8.554691295295894,51.0
PRY,2011,8.583390989661925,52.3
PRY,2012,8.562216737174236,47.6
PRY,2013,8.627503530512824,47.9
PRY,2014,8.66466040603197,50.7
PRY,2015,8.679199436438523,47.6
PRY,2016,8.70648354194201,47.9
PRY,2017,8.739237519828748,48.5
PRY,2018,8.756877459781835,46.0
PRY,2019,8.739302001006266,45.7
PRY,2020,8.717550469205571,43.5
PRY,2021,8.744611567412317,42.9
PRY,2022,8.732983069078593,44.6
PRY,2023,8.772189714210445,44.2
PRY,2024,8.805480015823058,44.2
PSE,2004,7.7941704088361705,34.0
PSE,2005,7.875592857307842,34.7
PSE,2006,7.84002472093093,34.0
PSE,2007,7.851655084909431,35.6
PSE,2009,7.951564947228901,34.5
PSE,2010,7.981760966368257,35.3
PSE,2011,8.048183663284643,34.4
PSE,2016,8.15567770387785,33.7
PSE,2023,8.00544278709866,36.4
ROU,1992,8.308716209363201,25.5
ROU,1994,8.365269849402903,28.2
ROU,1995,8.427762461104905,31.2
ROU,1997,8.422149832732378,30.5
ROU,1998,8.403712668228362,31.1
ROU,1999,8.401508735803482,29.4
ROU,2000,8.427117759892157,29.3
ROU,2001,8.491937557090171,29.4
ROU,2002,8.56570711673555,30.2
ROU,2003,8.596061367991172,29.9
ROU,2004,8.700953793057444,30.0
ROU,2005,8.752753767127427,29.8
ROU,2006,8.835905567509409,39.6
ROU,2007,8.92051918100169,37.5
ROU,2008,9.026177532415526,36.4
ROU,2009,8.977761268101364,35.6
ROU,2010,8.94385951387169,35.5
ROU,2011,8.99275285095176,35.9
ROU,2012,9.016061879194224,36.5
ROU,2013,9.022558950116128,36.9
ROU,2014,9.066640191777969,36.0
ROU,2015,9.102422977129411,35.9
ROU,2016,9.136357583933709,34.4
ROU,2017,9.220907043122477,36.0
ROU,2018,9.279322454204783,35.8
ROU,2019,9.323429411747748,34.8
ROU,2020,9.292293508868276,34.6
ROU,2021,9.354122266965353,33.9
ROU,2022,9.399000413166808,32.3
ROU,2023,9.420667506855567,29.8
RUS,1993,8.66542603260341,45.4
RUS,1996,8.452518723538327,46.1
RUS,1997,8.468074237849933,38.4
RUS,1998,8.415273256243886,38.1
RUS,1999,8.48040064506592,37.4
RUS,2000,8.579917537415207,37.1
RUS,2001,8.633901083340453,36.9
RUS,2002,8.684430192041567,37.3
RUS,2003,8.759425956907013,40.0
RUS,2004,8.832978379342993,40.3
RUS,2005,8.898827966431375,41.3
RUS,2006,8.980914248150096,41.0
RUS,2007,9.064204880368637,42.3
RUS,2008,9.11533716653478,41.6
RUS,2009,9.03382609990302,39.8
RUS,2010,9.0773939644645,39.5
RUS,2011,9.118315025569482,39.7
RUS,2012,9.15525154071543,40.7
RUS,2013,9.169678480198696,40.9
RUS,2014,9.158395549600886,36.9
RUS,2015,9.135370444912384,36.5
RUS,2016,9.134465018611492,36.7
RUS,2017,9.150483790102484,35.5
RUS,2018,9.17727851345692,35.3
RUS,2019,9.198472669961488,35.7
RUS,2020,9.172879928950492,33.7
RUS,2021,9.233208722526568,35.1
RUS,2022,9.222181511586156,33.9
RUS,2023,9.264872668059374,33.0
RWA,2000,5.802410355519627,48.5
RWA,2005,6.093587884434929,52.0
RWA,2010,6.362026158320575,47.2
RWA,2013,6.495105376118715,45.1
RWA,2016,6.618469430593194,43.7
RWA,2023,6.9016476700965095,39.4
SEN,1991,6.896322387675233,54.0
SEN,1994,6.840217136084597,39.2
SEN,2001,6.97295189493963,41.2
SEN,2005,7.020235864356541,39.2
SEN,2011,7.038559374972487,40.3
SEN,2018,7.211627659680629,38.3
SEN,2021,7.254559323144008,36.2
SLV,1989,7.733042893463759,48.7
SLV,1991,7.758732287136455,53.8
SLV,1995,7.92780234500189,49.8
SLV,1996,7.9284227072619275,51.0
SLV,1998,7.972576576280139,54.4
SLV,1999,7.9883505731528945,52.1
SLV,2000,7.99459638121267,51.5
SLV,2001,7.999207780250162,51.3
SLV,2002,8.01170764312865,51.9
SLV,2003,8.025243189033683,50.4
SLV,2004,8.033086190447184,47.8
SLV,2005,8.059390407038835,48.5
SLV,2006,8.102389062150724,45.7
SLV,2007,8.119446907115272,45.2
SLV,2008,8.137527187971052,46.9
SLV,2009,8.113070634317651,45.8
SLV,2010,8.131087512584056,43.5
SLV,2011,8.164850747587009,42.3
SLV,2012,8.188777766364051,41.8
SLV,2013,8.206829270823723,43.4
SLV,2014,8.219851257751255,41.6
SLV,2015,8.240211238908092,40.6
SLV,2016,8.262519476250159,40.0
SLV,2017,8.282695460364838,38.0
SLV,2018,8.305524283156728,38.6
SLV,2019,8.329203047532397,38.8
SLV,2021,8.354097037462306,39.0
SLV,2022,8.379300386464532,38.8
SLV,2023,8.407645397126927,39.8
SRB,2002,8.303666378679484,32.7
SRB,2003,8.350849651307245,32.8
SRB,2004,8.417910829984564,35.5
SRB,2005,8.478273221826027,36.5
SRB,2006,8.52047039416079,29.7
SRB,2007,8.599929905320167,28.7
SRB,2008,8.654508269085472,27.6
SRB,2009,8.626587714867293,28.0
SRB,2010,8.64658911734339,29.0
SRB,2012,8.655093837846179,39.9
SRB,2013,8.664463595523246,39.4
SRB,2014,8.651119088732186,40.4
SRB,2015,8.669110789661225,40.5
SRB,2016,8.703665712116246,38.8
SRB,2017,8.732346696907411,36.1
SRB,2018,8.783255271689672,35.0
SRB,2019,8.83502972977784,34.5
SRB,2020,8.832145150727886,35.0
SRB,2021,8.918071263243814,33.1
SRB,2022,8.969917625720775,32.8
SRB,2023,9.012922885538318,32.8
SVK,1992,8.83102537589248,20.2
SVK,1996,9.013453080780012,26.3
SVK,2004,9.279699460413369,27.1
SVK,2005,9.342434676746999,29.3
SVK,2006,9.427884399084137,25.8
SVK,2007,9.530317325613145,24.7
SVK,2008,9.581704697578502,26.0
SVK,2009,9.52374528546728,27.2
SVK,2010,9.588512922038431,27.3
SVK,2011,9.612525006400196,26.5
SVK,2012,9.626393036381128,26.1
SVK,2013,9.632327073899523,28.1
SVK,2014,9.658075972311597,26.1
SVK,2015,9.70759894324071,26.5
SVK,2016,9.725600632169233,25.2
SVK,2017,9.752390722504042,23.2
SVK,2018,9.790823481696595,25.0
SVK,2019,9.81197406976346,23.2
SVK,2020,9.784921131755084,24.2
SVK,2021,9.842061731233246,24.1
SVK,2022,9.850341481768611,24.1
SVK,2023,9.87217092607487,23.8
SVN,1993,9.400823638446155,29.1
SVN,1997,9.57503007394696,24.1
SVN,1998,9.607389530335332,28.4
SVN,1999,9.658014581757303,24.0
SVN,2002,9.746813754520934,29.1
SVN,2003,9.777661305073957,30.9
SVN,2004,9.821477834806354,24.8
SVN,2005,9.857562856160202,24.6
SVN,2006,9.911779694656975,24.4
SVN,2007,9.975146646136327,24.4
SVN,2008,10.006731492835778,23.7
SVN,2009,9.918751406550351,24.8
SVN,2010,9.925450595902388,24.9
SVN,2011,9.929906263605451,24.9
SVN,2012,9.89821717830354,25.6
SVN,2013,9.88858803395893,26.2
SVN,2014,9.914858072395745,25.7
SVN,2015,9.937757320976354,25.4
SVN,2016,9.966918220256982,24.8
SVN,2017,10.01671638905634,24.2
SVN,2018,10.055949664620233,24.6
SVN,2019,10.083438806338028,24.4
SVN,2020,10.035033446477938,24.0
SVN,2021,10.11315839497574,24.3
SVN,2022,10.137599370599515,24.3
SVN,2023,10.157117692400249,24.7
SWE,1975,10.220646080188796,24.3
SWE,1981,10.276008664655187,22.9
SWE,1987,10.420343243776106,23.1
SWE,1992,10.424476820666394,24.9
SWE,1995,10.464942045594261,25.2
SWE,2000,10.634936147948784,27.0
SWE,2001,10.645767748729286,26.5
SWE,2002,10.665035125343998,26.2
SWE,2003,10.679949747314154,25.3
SWE,2004,10.71696275248944,26.1
SWE,2005,10.740511737024276,26.8
SWE,2006,10.780587292644292,26.4
SWE,2007,10.804911375886864,27.1
SWE,2008,10.787847039539354,28.1
SWE,2009,10.735839805559381,27.3
SWE,2010,10.783229423106263,27.7
SWE,2011,10.806826582565227,27.6
SWE,2012,10.795276362748696,27.6
SWE,2013,10.798115315800002,28.8
SWE,2014,10.810891278995069,28.4
SWE,2015,10.843263636106574,29.2
SWE,2016,10.851786967343648,29.6
SWE,2017,10.856965678266043,28.8
SWE,2018,10.86289691501412,30.0
SWE,2019,10.878507651590331,29.3
SWE,2020,10.85175321747415,28.9
SWE,2021,10.89668624463542,29.8
SWE,2022,10.902356625417916,31.6
SWE,2023,10.89558674884876,29.3
THA,1981,7.338518523078423,45.2
THA,1988,7.687269856386003,43.8
THA,1990,7.875316795154772,45.3
THA,1992,8.00297978682566,47.9
THA,1994,8.129024592335266,43.5
THA,1996,8.23399800962009,42.9
THA,1998,8.10027075319704,41.5
THA,1999,8.132438349625003,43.1
THA,2000,8.164714183557189,42.8
THA,2002,8.238471975824611,41.9
THA,2004,8.350612275591972,42.5
THA,2006,8.423217621027346,41.8
THA,2007,8.468143081239914,39.8
THA,2008,8.477571297301573,40.3
THA,2009,8.463255730115991,39.6
THA,2010,8.528994773648948,39.4
THA,2011,8.531142920325157,37.5
THA,2012,8.594872208146699,39.3
THA,2013,8.615519117762524,37.8
THA,2014,8.620014364522413,37.0
THA,2015,8.646263987300964,36.0
THA,2016,8.675526061571343,36.7
THA,2017,8.712224153308563,36.4
THA,2018,8.75055626255621,36.4
THA,2019,8.769435276762746,34.9
THA,2020,8.70490394139797,35.0
THA,2021,8.71917197037036,34.9
THA,2022,8.745096995393986,34.3
THA,2023,8.767794856441542,33.5
THA,2024,8.797334714252285,33.3
TJK,1999,5.994974335059739,29.5
TJK,2003,6.3033357148126825,32.7
TJK,2004,6.381743445205455,33.6
TJK,2007,6.531578405336905,32.2
TJK,2009,6.605585942424534,30.8
TJK,2015,6.863715938235779,34.0
TJK,2021,7.1341495377555555,32.4
TJK,2022,7.18973772908326,39.5
TJK,2023,7.249291488892838,38.0
TJK,2024,7.310776158362432,36.1
TUN,1985,7.628124284710795,43.4
TUN,1990,7.656559632392753,40.1
TUN,1995,7.750439113326085,41.7
TUN,2000,7.960165514264062,40.8
TUN,2005,8.102264899943865,37.7
TUN,2010,8.270501101594988,38.5
TUN,2015,8.29777960932586,32.8
TUN,2021,8.269381167382672,33.7
TUR,1987,8.497974660899756,41.0
TUR,1994,8.567088154093648,41.3
TUR,2002,8.734190763569853,41.4
TUR,2003,8.778953084510617,42.2
TUR,2004,8.86243007717421,41.3
TUR,2005,8.938944478085427,42.6
TUR,2006,8.996963394379998,39.6
TUR,2007,9.04517480014172,38.4
TUR,2008,9.041677875708675,39.0
TUR,2009,8.977815592246035,39.0
TUR,2010,9.044590120376022,38.8
TUR,2011,9.134091859988523,40.0
TUR,2012,9.16830103943749,40.2
TUR,2013,9.23692864170461,40.2
TUR,2014,9.268418713657828,41.2
TUR,2015,9.31151057104938,42.9
TUR,2016,9.330752566421996,41.9
TUR,2017,9.39313231666067,43.5
TUR,2018,9.413689966269365,42.4
TUR,2019,9.412325250776597,43.8
TUR,2020,9.420491391349826,43.0
TUR,2021,9.52302754693335,44.4
TUR,2022,9.566165188242875,44.5
TUR,2023,9.611321116091183,43.7
UGA,1989,5.882681197235681,44.4
UGA,1992,5.933860891366185,41.4
UGA,1996,6.149382192183349,39.0
UGA,1999,6.2333423023227805,43.0
UGA,2002,6.305189549792256,45.2
UGA,2005,6.404244193731566,42.9
UGA,2009,6.619196643174824,44.2
UGA,2012,6.713661259823246,41.0
UGA,2016,6.773821943462781,42.8
UGA,2019,6.82539391193632,42.7
UKR,1992,7.839467597827163,29.7
UKR,1993,7.685810939329714,28.9
UKR,1995,7.308798679117615,39.2
UKR,1996,7.211979790866068,35.2
UKR,1999,7.185033319040957,28.9
UKR,2002,7.405058637626521,29.0
UKR,2003,7.50343214803933,28.7
UKR,2004,7.621902872289646,28.9
UKR,2005,7.660397767452958,29.0
UKR,2006,7.739852039091524,29.8
UKR,2007,7.82338661381434,27.0
UKR,2008,7.850763534582072,26.6
UKR,2009,7.69082093291978,25.3
UKR,2010,7.734529901630858,24.8
UKR,2011,7.790746009086028,24.6
UKR,2012,7.794382133758643,24.7
UKR,2013,7.7966403878830555,24.6
UKR,2014,7.744415425280027,24.0
UKR,2015,7.647057668097867,25.5
UKR,2016,7.676048432128427,25.0
UKR,2017,7.704249768417747,26.0
UKR,2018,7.744425577293742,26.1
UKR,2019,7.782423016096244,26.6
UKR,2020,7.751091339741339,25.6
URY,1981,9.091040229756565,43.6
URY,1989,9.029354282802691,42.4
URY,1992,9.126257562987211,41.5
URY,1995,9.192471348027704,40.9
URY,1996,9.241471021431476,40.8
URY,1997,9.31819585775088,41.5
URY,1998,9.357462050652947,42.5
URY,2000,9.314369788239542,43.4
URY,2001,9.272710049302109,45.0
URY,2002,9.190828375699178,45.5
URY,2003,9.198141957262543,45.0
URY,2004,9.246373967265198,45.9
URY,2005,9.317525086780893,44.7
URY,2006,9.356557136243545,45.9
URY,2007,9.418206433316357,46.4
URY,2008,9.485380593016586,45.1
URY,2009,9.52454612643267,45.5
URY,2010,9.597123928699771,44.5
URY,2011,9.644975610857257,42.2
URY,2012,9.677171329777222,39.9
URY,2013,9.719528985074962,40.5
URY,2014,9.748121594509515,40.1
URY,2015,9.748347314592769,40.1
URY,2016,9.761764701294066,39.7
URY,2017,9.776313263788442,39.5
URY,2018,9.776162241116287,39.7
URY,2019,9.784616086291907,39.7
URY,2020,9.707677239541228,40.2
URY,2021,9.765144903261541,40.8
URY,2022,9.811881520825366,40.6
URY,2023,9.82030566889607,40.9
URY,2024,9.853462949157347,40.0
USA,1963,9.930411052645086,36.7
USA,1964,9.972900925567522,37.4
USA,1965,10.022434600040818,36.8
USA,1966,10.073860467375878,37.1
USA,1967,10.087664267825728,36.9
USA,1968,10.12456324331528,36.3
USA,1969,10.145320020198106,36.0
USA,1970,10.135833715974174,36.6
USA,1971,10.155587115975665,36.9
USA,1972,10.196102448982744,36.7
USA,1973,10.24147834692857,36.1
USA,1974,10.226921580475878,35.5
USA,1975,10.215003411025453,35.7
USA,1976,10.257980123907414,35.6
USA,1977,10.293126971356225,35.5
USA,1978,10.336405662528113,34.8
USA,1979,10.356538938153877,34.8
USA,1980,10.344371979189011,34.7
USA,1981,10.359618187051083,35.5
USA,1982,10.331890350135916,36.7
USA,1983,10.367564956585802,37.3
USA,1984,10.428772836263416,37.3
USA,1985,10.460761463385845,37.6
USA,1986,10.485560362601971,37.6
USA,1987,10.510585040470527,37.2
USA,1988,10.542426070675791,37.7
USA,1989,10.56904619243571,38.2
USA,1990,10.57643370458266,38.3
USA,1991,10.56198738143011,38.0
USA,1992,10.582737291588442,38.4
USA,1993,10.596696636812993,40.4
USA,1994,10.623933414822993,40.0
USA,1995,10.638515863949376,39.9
USA,1996,10.663915192598386,40.3
USA,1997,10.69538639422713,40.5
USA,1998,10.727584718051212,40.0
USA,1999,10.762874449365563,40.0
USA,2000,10.791713211341452,40.1
USA,2001,10.791325816970334,40.6
USA,2002,10.79890935770275,40.4
USA,2003,10.817886963150846,40.8
USA,2004,10.846388030585665,40.5
USA,2005,10.871413375193665,41.3
USA,2006,10.88923559910648,41.7
USA,2007,10.899565499768839,41.1
USA,2008,10.891242074755974,41.1
USA,2009,10.856372827998042,40.9
USA,2010,10.874506648934766,40.2
USA,2011,10.882105667121523,41.2
USA,2012,10.896754900940332,41.2
USA,2013,10.910146457679765,40.9
USA,2014,10.927111193758208,41.7
USA,2015,10.948162172702753,41.5
USA,2016,10.958336893154724,41.3
USA,2017,10.975686916765625,41.4
USA,2018,10.999056141844981,41.8
USA,2019,11.019415142765025,41.9
USA,2020,10.994296289614953,40.0
USA,2021,11.052425106106162,39.7
USA,2022,11.071660624672864,41.7
USA,2023,11.092356083177735,41.8
USA,2024,11.110304007400245,41.8
UZB,1998,7.189018248461859,44.1
UZB,2000,7.242090965884191,35.9
UZB,2002,7.297424680785144,33.0
UZB,2003,7.326699095038328,35.2
UZB,2021,8.28197619178074,32.9
UZB,2022,8.320955462787925,31.2
UZB,2023,8.361989889392762,34.5
UZB,2024,8.406911130323307,34.6
UZB,2025,8.462246569084682,32.7
VEN,1981,8.401697563151988,55.6
VEN,1987,8.331079509105104,53.4
VEN,1989,8.191912184074104,43.8
VEN,1992,8.335314383384636,42.1
VEN,1995,8.287417497279199,47.2
VEN,1998,8.289675119894206,48.0
VEN,1999,8.20893516415139,47.7
VEN,2001,8.240006722218466,47.2
VEN,2002,8.130617783312989,48.9
VEN,2003,8.032120239402403,47.9
VEN,2004,8.182230452677574,47.3
VEN,2005,8.262511009085545,49.3
VEN,2006,8.340591104149247,44.7
VNM,1992,6.6332011289711845,35.7
VNM,1997,6.9705216325696275,35.4
VNM,2002,7.200810419069993,37.0
VNM,2004,7.320490224666083,36.8
VNM,2006,7.438193043334589,35.8
VNM,2008,7.526181714441248,35.6
VNM,2010,7.614599152010479,39.3
VNM,2012,7.707113932172954,35.6
VNM,2014,7.799460881041575,34.8
VNM,2016,7.906760423016145,35.3
VNM,2018,8.022333850815286,35.7
VNM,2020,8.102637740475883,36.8
VNM,2022,8.193583547414308,36.1
XKX,2009,7.8938929011115055,31.8
XKX,2010,7.945425157799448,33.3
XKX,2011,8.004915885517619,27.8
XKX,2012,8.013459032642148,29.0
XKX,2013,8.059424934625916,26.3
XKX,2014,8.095300928443677,27.3
XKX,2015,8.166394336045292,26.5
XKX,2016,8.226619974771877,26.7
XKX,2017,8.266209742879878,44.2
XKX,2018,8.296326926214984,44.6
XKX,2019,8.347368808250767,40.2
XKX,2020,8.291783137491022,57.4
XKX,2021,8.396126396360549,49.4
XKX,2022,8.44814085800957,38.3
ZAF,1993,8.341314417973827,59.3
ZAF,2000,8.45550405864801,57.8
ZAF,2005,8.595278750744047,65.0
ZAF,2008,8.701133376089404,62.5
ZAF,2010,8.691809314984317,60.9
ZAF,2014,8.725020996315116,59.6
ZAF,2022,8.663345982388412,54.1
ZMB,1991,6.753159844447227,59.4
ZMB,1993,6.753484206452256,52.6
ZMB,1996,6.679621873568297,48.3
ZMB,1998,6.661424192391787,49.1
ZMB,2002,6.725059065071774,42.1
ZMB,2004,6.797354592458928,54.3
ZMB,2006,6.875814113134732,54.6
ZMB,2010,7.076161400386329,52.0
ZMB,2015,7.166943649325317,55.8
ZMB,2022,7.169233034893394,51.5
