iso,year,log_gdppc,poverty
ALB,1996,7.4287904012862755,3.0
ALB,2002,7.739406452395294,4.2
ALB,2005,7.905762334472726,2.7
ALB,2008,8.115515387692694,0.8
ALB,2012,8.2353202979289,1.8
ALB,2014,8.305266334335276,3.7
ALB,2015,8.342730067120554,1.1
ALB,2016,8.396506123719536,1.1
ALB,2017,8.444241950183459,1.4
ALB,2018,8.495729230969024,1.0
ALB,2019,8.53157654989607,0.3
ALB,2020,8.513309056972297,0.3
ARG,1980,9.237546768935978,0.0
ARG,1986,9.146171773229526,1.3
ARG,1987,9.157409818683082,1.5
ARG,1991,9.074500394927384,1.3
ARG,1992,9.137036821690298,2.5
ARG,1993,9.202376099770508,2.9
ARG,1994,9.24569716059452,2.7
ARG,1995,9.203729343343023,5.1
ARG,1996,9.244948540627123,5.4
ARG,1997,9.310790784763434,5.2
ARG,1998,9.336814614986345,5.7
ARG,1999,9.290843275402365,5.9
ARG,2000,9.271590714591147,7.3
ARG,2001,9.215521411810418,10.7
ARG,2002,9.089478325218936,17.1
ARG,2003,9.163828464434127,8.2
ARG,2004,9.240136673356535,6.0
ARG,2005,9.314677947324345,4.4
ARG,2006,9.381793005097167,3.5
ARG,2007,9.45812987103844,2.8
ARG,2008,9.487771863276931,2.6
ARG,2009,9.416165091577739,2.4
ARG,2010,9.502050972116228,1.5
ARG,2011,9.54970975869115,1.2
ARG,2012,9.529115900298596,1.3
ARG,2013,9.54295482571449,1.1
ARG,2014,9.507190185666095,1.1
ARG,2016,9.492951061469718,1.3
ARG,2017,9.511933706412325,1.1
ARG,2018,9.477181411867754,1.6
ARG,2019,9.449860910237419,1.7
ARG,2020,9.340758851642148,2.2
ARG,2021,9.437418665623444,1.4
ARG,2022,9.493775178375971,1.3
ARG,2023,9.472173178879085,1.2
ARG,2024,9.455194584790855,1.0
ARM,1996,6.903474404419655,21.6
ARM,1999,7.073653897855953,21.2
ARM,2001,7.208689695141339,24.1
ARM,2002,7.3364188946968705,19.8
ARM,2003,7.472868413519926,14.8
ARM,2004,7.57825934040802,10.3
ARM,2005,7.714272542250184,6.1
ARM,2006,7.844411406664453,4.5
ARM,2007,7.97912431526816,3.7
ARM,2008,8.052402172085555,2.0
ARM,2009,7.9072741735352015,3.1
ARM,2010,7.935974228208692,2.9
ARM,2011,7.9874690677133895,3.1
ARM,2012,8.058250913748191,2.5
ARM,2013,8.09141276658874,2.9
ARM,2014,8.129497033280357,3.4
ARM,2015,8.164052993685441,2.9
ARM,2016,8.170153121527093,2.5
ARM,2017,8.246794167624104,2.4
ARM,2018,8.30098402411806,2.9
ARM,2019,8.376426175164447,2.4
ARM,2020,8.302040238703432,1.5
ARM,2021,8.35815047524684,2.1
ARM,2022,8.474495442334888,1.9
ARM,2023,8.555882049724369,1.9
ARM,2024,8.59013096483468,0.8
AUS,1981,10.352432346246104,1.1
AUS,1985,10.402421434365568,1.1
AUS,1989,10.497702855820949,0.8
AUS,1995,10.581713075659758,1.0
AUS,2001,10.743213033182606,0.9
AUS,2003,10.789518298688597,1.1
AUS,2004,10.820150024274179,0.7
AUS,2008,10.887386003649693,0.5
AUS,2010,10.89244027811907,0.5
AUS,2014,10.94326601733858,0.6
AUS,2016,10.96185059222698,0.5
AUS,2018,10.981432847810053,0.6
AUS,2020,10.974690395163083,0.9
AUT,1994,10.39758428367529,0.2
AUT,1995,10.42238335938929,0.1
AUT,1996,10.442948918143925,0.1
AUT,1997,10.463047113673522,0.2
AUT,1998,10.49628246235925,0.2
AUT,1999,10.531265730857301,0.2
AUT,2000,10.560258204241288,0.1
AUT,2003,10.585808554858044,0.4
AUT,2004,10.604933471077446,0.1
AUT,2005,10.621059338504935,0.2
AUT,2006,10.648281662827076,0.1
AUT,2007,10.682097270561812,0.4
AUT,2008,10.69339531968793,0.5
AUT,2009,10.654254275368153,0.7
AUT,2010,10.669778482664274,0.5
AUT,2011,10.695262034267998,0.5
AUT,2012,10.696965469540093,0.7
AUT,2013,10.688561184309245,0.3
AUT,2014,10.688275337993321,0.2
AUT,2015,10.690016418660566,0.7
AUT,2016,10.700153635335925,0.7
AUT,2017,10.715675612695888,0.3
AUT,2018,10.735343554098822,0.6
AUT,2019,10.748294360955562,0.6
AUT,2020,10.678875753026356,0.7
AUT,2021,10.72257647213907,0.5
AUT,2022,10.764950837219436,0.6
AUT,2023,10.747162675814796,0.5
AZE,1995,7.021359531605765,19.7
AZE,2001,7.40302248303462,11.4
AZE,2002,7.485757112532376,0.2
AZE,2003,7.5753826230351535,0.2
AZE,2004,7.655131796672319,0.0
AZE,2005,7.891468689996056,0.0
BEL,1985,10.154843678737068,0.3
BEL,1988,10.23747405573907,0.7
BEL,1992,10.32143689180028,0.9
BEL,1995,10.358016522704943,0.6
BEL,1997,10.404005262175595,0.4
BEL,2000,10.487888362969542,0.3
BEL,2003,10.513966726265327,0.4
BEL,2004,10.544728021573649,0.1
BEL,2005,10.562179420864767,0.3
BEL,2006,10.580786963637339,0.2
BEL,2007,10.609553039325432,0.2
BEL,2008,10.60611236562133,0.1
BEL,2009,10.578817890268201,0.1
BEL,2010,10.59642382637253,0.1
BEL,2011,10.602541246025885,0.2
BEL,2012,10.598495321138124,0.2
BEL,2013,10.596832208325084,0.1
BEL,2014,10.609894273134854,0.1
BEL,2015,10.618733852262814,0.1
BEL,2016,10.625535218770558,0.1
BEL,2017,10.636319968850893,0.2
BEL,2018,10.650373645440041,0.1
BEL,2019,10.6691043191879,0.1
BEL,2020,10.615677802572218,0.1
BEL,2021,10.672228350505144,0.0
BEL,2022,10.703604002633188,0.0
BEL,2023,10.710593297044216,0.1
BFA,1994,5.841720099103872,87.6
BFA,1998,6.028937371743357,86.4
BFA,2003,6.149030205944249,69.6
BFA,2009,6.279402995752449,67.2
BFA,2014,6.437074436779726,58.7
BFA,2018,6.543181813870662,47.7
BFA,2021,6.614018330623652,42.1
BGD,1983,6.053609356779162,47.1
BGD,1985,6.083091768659131,41.4
BGD,1988,6.1177430315509165,51.1
BGD,1991,6.175187952053689,51.2
BGD,1995,6.287732058934044,43.4
BGD,2000,6.430623058110431,41.4
BGD,2005,6.6055735505548245,32.3
BGD,2010,6.849770412875309,25.1
BGD,2016,7.169989468534807,19.5
BGD,2022,7.49795533274916,5.9
BGR,1989,8.472702299961385,0.0
BGR,1992,8.252043162981769,0.0
BGR,1994,8.26651972726252,0.0
BGR,1995,8.299583670751101,1.9
BGR,1997,8.209408754398677,0.0
BGR,2001,8.278403589312173,4.7
BGR,2003,8.416137912020812,2.2
BGR,2006,8.635880542048357,8.0
BGR,2007,8.70765673993136,2.5
BGR,2008,8.77416638254398,1.9
BGR,2009,8.74656477478822,1.8
BGR,2010,8.768581438001785,2.7
BGR,2011,8.795680042204475,3.4
BGR,2012,8.808932496747483,3.0
BGR,2013,8.82366009926138,3.3
BGR,2014,8.845254901111836,2.7
BGR,2015,8.891377567758276,4.6
BGR,2016,8.934177266972299,3.1
BGR,2017,8.974505445521666,2.0
BGR,2018,9.011254227063816,1.5
BGR,2019,9.062602837004778,1.6
BGR,2020,9.040798506308539,0.7
BGR,2021,9.122813816951695,1.2
BGR,2022,9.169347350927119,1.1
BGR,2023,9.188888426097868,1.0
BIH,2001,7.86985356136036,0.6
BIH,2004,8.027422820047768,0.4
BIH,2007,8.20660807931343,0.7
BIH,2011,8.317339634219136,0.9
BIH,2015,8.44725530758742,1.2
BIH,2021,8.698771468030062,0.3
BLR,1993,7.771693279296515,3.1
BLR,1995,7.541874395431091,2.3
BLR,1998,7.770131730485332,38.2
BLR,1999,7.808066797308288,33.7
BLR,2000,7.869158475044112,26.5
BLR,2001,7.920458745194723,14.7
BLR,2002,7.976045592962271,10.4
BLR,2003,8.051105919798575,8.7
BLR,2004,8.166331184268982,4.3
BLR,2005,8.263001957724901,2.4
BLR,2006,8.364435051602532,1.1
BLR,2007,8.451524809226617,1.1
BLR,2008,8.55210566583693,0.5
BLR,2009,8.55656277532507,0.5
BLR,2010,8.633391704349176,0.2
BLR,2011,8.68974888225533,0.1
BLR,2012,8.708249385064127,0.1
BLR,2013,8.718570835638193,0.0
BLR,2014,8.734385738447378,0.0
BLR,2015,8.694008944147766,0.0
BLR,2016,8.667542642890593,0.0
BLR,2017,8.69364701474173,0.0
BLR,2018,8.72679153118074,0.0
BLR,2019,8.743170338293512,0.0
BLR,2020,8.740654930453196,0.0
BLZ,1993,8.55001436998666,18.0
BLZ,1994,8.528519211602156,18.1
BLZ,1995,8.510764881671205,18.4
BLZ,1996,8.492010092354315,23.3
BLZ,1997,8.500116275494989,26.0
BLZ,1998,8.503389353522055,26.1
BLZ,1999,8.559019407806085,22.5
BLZ,2018,8.649555756147757,1.0
BOL,1990,7.426196914826516,5.8
BOL,1992,7.452613186123686,13.8
BOL,1997,7.582159932079648,18.6
BOL,1999,7.600374990329908,24.6
BOL,2000,7.60797253075436,28.3
BOL,2001,7.607801511730905,22.3
BOL,2002,7.615628466234788,23.9
BOL,2004,7.649688247863464,13.2
BOL,2005,7.676096525466966,18.7
BOL,2006,7.705905162842936,15.9
BOL,2007,7.733432810508475,12.1
BOL,2008,7.776220517941462,10.6
BOL,2009,7.792586630706832,10.0
BOL,2011,7.851085337706473,6.9
BOL,2012,7.885042836256124,7.9
BOL,2013,7.935055785008936,6.8
BOL,2014,7.972777145401465,5.6
BOL,2015,8.005037649739139,6.2
BOL,2016,8.031895790639762,7.2
BOL,2017,8.058379271204153,6.4
BOL,2018,8.072322806138477,4.7
BOL,2019,8.07321185107095,3.1
BOL,2020,7.9248294460835655,4.2
BOL,2021,8.010210543368496,3.1
BOL,2022,8.035357036892758,3.3
BOL,2023,8.046475865841769,2.8
BOL,2024,8.021458053429036,2.1
BRA,1981,8.70865581015581,30.7
BRA,1982,8.694130109674006,31.0
BRA,1983,8.642055763028928,37.7
BRA,1984,8.672785665297273,36.9
BRA,1985,8.727051027012639,32.4
BRA,1986,8.778677203828712,16.7
BRA,1987,8.793552729523155,25.5
BRA,1988,8.77384972889329,28.1
BRA,1989,8.786521726759775,25.7
BRA,1990,8.724185879149315,30.3
BRA,1992,8.695169129040746,29.4
BRA,1993,8.727042512232536,28.2
BRA,1995,8.79426958092092,19.5
BRA,1996,8.800976725416385,20.7
BRA,1997,8.819496612213413,20.4
BRA,1998,8.807994678755772,19.1
BRA,1999,8.798097863460962,20.0
BRA,2001,8.828059515551221,17.5
BRA,2002,8.845723024050223,16.2
BRA,2003,8.845264590674011,17.1
BRA,2004,8.889967304713018,15.3
BRA,2005,8.910527569815086,13.7
BRA,2006,8.93879933874518,11.4
BRA,2007,8.987603504325019,10.8
BRA,2008,9.027710519473555,9.1
BRA,2009,9.01749528495974,8.4
BRA,2011,9.112506257710116,7.1
BRA,2012,9.123419816967365,6.4
BRA,2013,9.144920323671,5.4
BRA,2014,9.141884083229511,4.8
BRA,2015,9.097865343318206,5.4
BRA,2016,9.05693785163387,6.5
BRA,2017,9.062797340537387,7.0
BRA,2018,9.07364240569415,6.9
BRA,2019,9.079256326487013,7.0
BRA,2020,9.040146350349604,2.8
BRA,2021,9.082419435054037,7.5
BRA,2022,9.108538496359254,4.9
BRA,2023,9.136481431933003,3.8
BRA,2024,9.166048320733326,3.0
CAN,1971,9.982417141942177,2.5
CAN,1973,10.077429071508789,1.8
CAN,1975,10.097236777883039,1.7
CAN,1977,10.164337797657922,1.5
CAN,1979,10.217739940829635,1.3
CAN,1981,10.247628849339847,0.9
CAN,1982,10.203559040139817,0.8
CAN,1984,10.266845156474842,0.9
CAN,1985,10.303996173090452,0.7
CAN,1986,10.315048679273543,1.0
CAN,1987,10.341779933367578,0.6
CAN,1988,10.371976990996458,0.7
CAN,1989,10.377139381634805,1.3
CAN,1990,10.364090196779857,1.1
CAN,1991,10.33053031089972,1.3
CAN,1992,10.327558805217251,0.8
CAN,1993,10.34279952988324,1.2
CAN,1994,10.375806888481927,0.9
CAN,1995,10.391929038407067,0.8
CAN,1996,10.39822448918927,0.4
CAN,1997,10.430197605930754,0.4
CAN,1998,10.46008875811897,0.5
CAN,1999,10.50209248550898,0.4
CAN,2000,10.542888385329666,0.4
CAN,2001,10.550603739603536,0.3
CAN,2002,10.569307379261009,0.3
CAN,2003,10.57821774951798,0.3
CAN,2004,10.599351016313625,0.3
CAN,2005,10.621480118016743,0.3
CAN,2006,10.637382024637729,0.3
CAN,2007,10.647967251281502,0.2
CAN,2008,10.647033388135789,0.3
CAN,2009,10.606002120137163,0.3
CAN,2010,10.62532862861404,0.3
CAN,2011,10.646464456840944,0.3
CAN,2012,10.653031268031413,0.3
CAN,2013,10.665489245389708,0.5
CAN,2014,10.683804585865452,0.3
CAN,2015,10.682680262531703,0.4
CAN,2016,10.681696815432375,0.4
CAN,2017,10.699629700539841,0.4
CAN,2018,10.712357621426529,0.4
CAN,2019,10.716644993442019,0.4
CAN,2020,10.654105471199319,0.1
CAN,2021,10.706368529642504,0.2
CAN,2022,10.733850085535499,0.3
CHE,1982,10.999618829035017,0.7
CHE,1992,11.103595268944622,0.6
CHE,2000,11.224353356657415,0.1
CHE,2002,11.230054389899072,0.0
CHE,2004,11.238455004433444,0.1
CHE,2006,11.295378345354818,0.1
CHE,2007,11.32550053805686,0.1
CHE,2008,11.337795177570449,0.1
CHE,2009,11.305761592759621,0.0
CHE,2010,11.327432014684732,0.1
CHE,2011,11.330291676635238,0.0
CHE,2012,11.33085212634982,0.0
CHE,2013,11.337548035912526,0.0
CHE,2014,11.350463162732629,0.0
CHE,2015,11.353520060500577,0.0
CHE,2016,11.36153524473918,0.0
CHE,2017,11.36630722298666,0.0
CHE,2018,11.391673600179173,0.0
CHE,2019,11.395631943701853,0.0
CHE,2020,11.365514403488842,0.1
CHE,2021,11.41778945244471,0.0
CHE,2022,11.444222981093114,0.2
CHL,1987,8.418175490172533,21.7
CHL,1990,8.573675022225954,16.0
CHL,1992,8.724494387010008,11.1
CHL,1994,8.808114588144447,10.5
CHL,1996,8.93659927498857,8.0
CHL,1998,9.022497675015181,7.4
CHL,2000,9.043736998669685,8.6
CHL,2003,9.119406869372144,7.9
CHL,2006,9.269704378495659,3.3
CHL,2009,9.3161776149694,2.6
CHL,2011,9.41351336106279,1.7
CHL,2013,9.48666314331262,0.8
CHL,2015,9.505538153004625,0.7
CHL,2017,9.508468631529055,0.5
CHL,2020,9.447842436877993,1.7
CHL,2022,9.566293718149335,0.6
CHL,2024,9.589935642412886,0.4
CHN,1981,6.116156295490321,97.0
CHN,1984,6.403994044968017,91.3
CHN,1987,6.681376781280893,81.1
CHN,1990,6.82131234459171,83.1
CHN,1993,7.137549804861502,77.3
CHN,1996,7.427416203886311,62.6
CHN,1999,7.638646988767542,58.5
CHN,2002,7.867359395555581,47.8
CHN,2005,8.150677895543058,32.9
CHN,2008,8.478731921413216,26.1
CHN,2010,8.659499741124039,20.6
CHN,2011,8.744442915713616,15.3
CHN,2012,8.813303154830061,12.9
CHN,2013,8.881549780556604,6.0
CHN,2014,8.947204390187988,4.6
CHN,2015,9.008876710627593,2.9
CHN,2016,9.068687551142396,2.1
CHN,2017,9.129276776150117,1.6
CHN,2018,9.18999264451763,0.7
CHN,2019,9.245349583911969,0.0
CHN,2020,9.266094744551108,0.0
CHN,2021,9.347430701068673,0.0
CHN,2022,9.378419211755894,0.0
CIV,1985,7.667654207132767,13.6
CIV,1986,7.660620600666539,10.2
CIV,1987,7.618556166617979,16.0
CIV,1988,7.591553279093246,22.5
CIV,1992,7.449912470586521,38.4
CIV,1995,7.406764020047959,39.8
CIV,1998,7.500210413092973,42.9
CIV,2002,7.3468351979224895,43.9
CIV,2008,7.282505007965388,47.0
CIV,2015,7.503685666289025,46.6
CIV,2018,7.607541907538331,21.7
CIV,2021,7.671575473933528,20.8
COL,1980,8.101832796633115,28.5
COL,1988,8.185620430741702,21.4
COL,1989,8.198660272462119,21.3
COL,1991,8.21964319754469,19.3
COL,1992,8.239486345038191,16.0
COL,1996,8.342528151552576,24.8
COL,1999,8.285794005781797,28.2
COL,2000,8.298243214136546,23.9
COL,2001,8.299163516306239,29.6
COL,2002,8.308515733738236,21.2
COL,2003,8.331869200280558,19.8
COL,2004,8.369137611599138,19.2
COL,2005,8.402292955782052,16.8
COL,2008,8.526860684740482,16.3
COL,2009,8.526543583446504,15.1
COL,2010,8.559149673592595,13.3
COL,2011,8.615607839856338,11.3
COL,2012,8.643959081011802,12.7
COL,2013,8.684537467094968,11.8
COL,2014,8.719617954543367,10.9
COL,2015,8.740099099350715,10.2
COL,2016,8.750852565595604,10.1
COL,2017,8.749839837418161,9.5
COL,2018,8.75676842867108,9.8
COL,2019,8.77027816661759,11.3
COL,2020,8.681343179480681,15.8
COL,2021,8.772946299201278,11.2
COL,2022,8.832985333472989,9.3
COL,2023,8.830159007195745,8.6
COL,2024,8.834236887367172,8.5
CRI,1981,8.686007785879898,33.5
CRI,1986,8.639892325069328,19.3
CRI,1989,8.697929378296358,14.4
CRI,1990,8.707579321171922,13.9
CRI,1991,8.70453209170455,17.1
CRI,1992,8.767242902523453,13.8
CRI,1993,8.810799186080569,11.8
CRI,1994,8.830449779507749,9.4
CRI,1995,8.84708602783741,10.6
CRI,1996,8.83706199787323,11.7
CRI,1997,8.867783015882976,9.1
CRI,1998,8.91458939715245,7.5
CRI,1999,8.934493445319093,9.3
CRI,2000,8.95241382755004,9.8
CRI,2001,8.968808025328064,7.6
CRI,2002,8.98589087591986,6.6
CRI,2003,9.012798468523023,6.9
CRI,2004,9.041392488708512,6.6
CRI,2005,9.065931713134097,5.0
CRI,2006,9.122633593956799,5.2
CRI,2007,9.188044813132949,3.1
CRI,2008,9.220776647630187,3.4
CRI,2009,9.198639754584931,3.6
CRI,2010,9.238450132413732,2.2
CRI,2011,9.269784956273197,2.7
CRI,2012,9.305788661192018,2.6
CRI,2013,9.319297354028341,2.6
CRI,2014,9.343355571154657,2.4
CRI,2015,9.368600648303643,2.4
CRI,2016,9.399673551623106,2.4
CRI,2017,9.430965994761966,1.7
CRI,2018,9.450050282876473,2.3
CRI,2019,9.468388678338293,1.7
CRI,2020,9.419160709731832,3.4
CRI,2021,9.493054244646686,2.2
CRI,2022,9.541932589325903,1.6
CRI,2023,9.584074021276846,1.5
CRI,2024,9.619326938629671,1.3
CRI,2025,9.659439779385993,0.8
CYP,2004,10.118584283608284,0.1
CYP,2005,10.15157170398194,0.1
CYP,2006,10.180948450086756,0.0
CYP,2007,10.209382998936231,0.0
CYP,2008,10.22009277223239,0.0
CYP,2009,10.172891359187945,0.1
CYP,2010,10.169308800489862,0.1
CYP,2011,10.147952950322953,0.0
CYP,2012,10.097634100020509,0.0
CYP,2013,10.03063588477268,0.1
CYP,2014,10.015635469861357,0.1
CYP,2015,10.047086891698926,0.0
CYP,2016,10.105528996658267,0.1
CYP,2017,10.152922057315555,0.1
CYP,2018,10.202198306568011,0.1
CYP,2019,10.245911559480287,0.2
CYP,2020,10.199720655804496,0.0
CYP,2021,10.292723632616772,0.0
CYP,2022,10.357908237719556,0.0
CYP,2023,10.374179055494048,0.0
CZE,1992,9.25717547070601,0.0
CZE,1993,9.256754851177128,0.0
CZE,1996,9.388044379902533,0.1
CZE,2002,9.486454883114803,0.0
CZE,2004,9.56518798732511,0.0
CZE,2005,9.625605399742563,0.0
CZE,2006,9.687028128231754,0.1
CZE,2007,9.734627552346243,0.1
CZE,2008,9.7521207377691,0.1
CZE,2009,9.697250802198612,0.0
CZE,2010,9.721121901720869,0.0
CZE,2011,9.73662299844166,0.1
CZE,2012,9.727487210043492,0.1
CZE,2013,9.72673729898426,0.0
CZE,2014,9.74788830654419,0.0
CZE,2015,9.794319729778335,0.0
CZE,2016,9.817880524099502,0.0
CZE,2017,9.86566589978201,0.0
CZE,2018,9.890231555051948,0.0
CZE,2019,9.921330413792809,0.0
CZE,2020,9.864390473398958,0.0
CZE,2021,9.922008884046004,0.1
CZE,2022,9.934373078708143,0.0
CZE,2023,9.917024878154018,0.0
DEU,1991,10.343566428172002,0.1
DEU,1992,10.355899041892014,0.1
DEU,1993,10.339547149873038,0.1
DEU,1994,10.361715683436984,0.2
DEU,1995,10.373714450697191,0.2
DEU,1996,10.381144967876951,0.1
DEU,1997,10.398055229569003,0.1
DEU,1998,10.418643356899596,0.1
DEU,1999,10.439069127989208,0.1
DEU,2000,10.46607409047185,0.1
DEU,2001,10.480620848221173,0.1
DEU,2002,10.476654398864689,0.1
DEU,2003,10.470788667642328,0.1
DEU,2004,10.482559629672282,0.1
DEU,2005,10.491943290911498,0.1
DEU,2006,10.53100925685123,0.0
DEU,2007,10.56082813498111,0.1
DEU,2008,10.571569399997207,0.1
DEU,2009,10.517061295036783,0.1
DEU,2010,10.559107749483772,0.1
DEU,2011,10.614535674088017,0.1
DEU,2012,10.617282807358228,0.1
DEU,2013,10.618515901568854,0.1
DEU,2014,10.635914726419337,0.1
DEU,2015,10.643750994955075,0.1
DEU,2016,10.657657715704788,0.1
DEU,2017,10.681515274290929,0.2
DEU,2018,10.689802961609656,0.1
DEU,2019,10.697277620874173,0.2
DEU,2020,10.65426364114353,0.3
DEU,2021,10.692195323889663,0.6
DEU,2022,10.710345747831287,0.7
DNK,1987,10.555723335488533,0.6
DNK,1992,10.60775351046787,0.6
DNK,1995,10.676566573281972,0.1
DNK,2000,10.805009526732166,0.1
DNK,2003,10.813922993772907,0.4
DNK,2004,10.83872377073826,0.3
DNK,2005,10.859290957187323,0.3
DNK,2006,10.893459118759536,0.2
DNK,2007,10.898847789083996,0.1
DNK,2008,10.888791802611369,0.3
DNK,2009,10.832416323033874,0.6
DNK,2010,10.843679350166735,0.1
DNK,2011,10.852584842339224,0.0
DNK,2012,10.848767795421312,0.0
DNK,2013,10.858429430246288,0.3
DNK,2014,10.866057920734086,0.2
DNK,2015,10.879819458138824,0.2
DNK,2016,10.9022832621249,0.3
DNK,2017,10.925956727766048,0.1
DNK,2018,10.939427547508824,0.2
DNK,2019,10.952815452764716,0.3
DNK,2020,10.93193763621599,0.2
DNK,2021,10.990580679753318,0.2
DNK,2022,10.987134160931975,0.2
DNK,2023,10.985749980450018,0.4
DOM,1986,7.907495327147015,8.7
DOM,1989,8.004726805602205,21.0
DOM,1992,8.002896986243554,10.0
DOM,1996,8.137251376347463,8.0
DOM,1997,8.205084043170112,8.1
DOM,2000,8.324361976722292,8.3
DOM,2001,8.333026165468969,6.6
DOM,2002,8.36189561307953,9.0
DOM,2003,8.333911220254402,10.7
DOM,2004,8.345695352172381,14.6
DOM,2005,8.422717568691741,9.9
DOM,2006,8.497952706400847,8.1
DOM,2007,8.557333675012996,7.8
DOM,2008,8.577144956264481,7.1
DOM,2009,8.574452067694693,6.3
DOM,2010,8.642319216205266,5.5
DOM,2011,8.661046584483083,5.3
DOM,2012,8.675955893763161,5.4
DOM,2013,8.711942864856029,4.4
DOM,2014,8.76877306832018,4.1
DOM,2015,8.824818042218277,3.3
DOM,2016,8.87874176696129,3.0
DOM,2017,8.906447583754677,1.5
DOM,2018,8.964274338056054,1.1
DOM,2019,9.00172162213943,1.0
DOM,2020,8.908677478547647,1.3
DOM,2021,9.029406464326538,1.3
DOM,2022,9.070864019724837,1.0
DOM,2023,9.083638559314252,1.3
DOM,2024,9.123523978409294,0.8
EAS,1981,7.886547060281729,77.2
EAS,1982,7.911156352779212,76.4
EAS,1983,7.9378392764310295,75.2
EAS,1984,7.983003449118877,73.2
EAS,1985,8.023776912791389,71.2
EAS,1986,8.056442457354809,69.5
EAS,1987,8.101544763454084,67.0
EAS,1988,8.159405959156649,63.2
EAS,1989,8.193690655767456,67.9
EAS,1990,8.228465167534186,67.0
EAS,1991,8.261227041043913,66.0
EAS,1992,8.289212483704135,64.4
EAS,1993,8.317286562782924,62.8
EAS,1994,8.35533941839764,59.2
EAS,1995,8.397128807584163,55.7
EAS,1996,8.439674418484039,52.0
EAS,1997,8.469670885303179,51.3
EAS,1998,8.461168658210587,51.6
EAS,1999,8.488248585519257,49.1
EAS,2000,8.532669793763583,46.6
EAS,2001,8.55579593419336,44.1
EAS,2002,8.59086245034693,40.0
EAS,2003,8.630972595728968,36.2
EAS,2004,8.680364103589369,32.9
EAS,2005,8.730801647930779,28.9
EAS,2006,8.786461978975348,27.7
EAS,2007,8.85158325252023,25.0
EAS,2008,8.887363415321852,23.4
EAS,2009,8.905175639345844,21.4
EAS,2010,8.971651445756914,18.9
EAS,2011,9.016779786999418,15.3
EAS,2012,9.059938722157677,13.2
EAS,2013,9.103313109353051,9.0
EAS,2014,9.14372305152479,7.8
EAS,2015,9.18303536572224,6.1
EAS,2016,9.221276516465228,5.0
EAS,2017,9.263363135113403,4.1
EAS,2018,9.304336598650272,3.3
EAS,2019,9.338773158959832,2.6
EAS,2020,9.333781371260615,2.7
EAS,2021,9.394170465021652,2.6
EAS,2022,9.42233711361986,2.4
EAS,2023,9.460216845809866,2.2
EAS,2024,9.495168072160375,2.0
ECS,1988,9.632268641478634,3.9
ECS,1989,9.65948518461942,3.9
ECS,1990,9.675963879880324,4.0
ECS,1991,9.672882821409926,4.5
ECS,1992,9.66245149228321,5.5
ECS,1993,9.652042361221456,6.1
ECS,1994,9.664355543300328,7.6
ECS,1995,9.68647124886166,7.3
ECS,1996,9.70258921029502,7.5
ECS,1997,9.731466043629032,6.8
ECS,1998,9.755691971493892,7.0
ECS,1999,9.78317176170576,8.8
ECS,2000,9.82497301293268,7.6
ECS,2001,9.845658327925124,6.9
ECS,2002,9.859430536886038,6.2
ECS,2003,9.874828472386925,6.0
ECS,2004,9.903235155105657,5.1
ECS,2005,9.927384984557586,5.0
ECS,2006,9.962635415137493,4.4
ECS,2007,9.996173562415079,4.0
ECS,2008,10.002329970243332,3.7
ECS,2009,9.953278941320246,3.7
ECS,2010,9.975666689404344,3.8
ECS,2011,9.99637289723244,3.6
ECS,2012,9.995653061328085,3.6
ECS,2013,10.000601533106073,1.1
ECS,2014,10.015799499203345,1.2
ECS,2015,10.03198955584318,1.2
ECS,2016,10.046437876458553,1.0
ECS,2017,10.071808002044058,1.0
ECS,2018,10.089742953744075,0.8
ECS,2019,10.104074093587414,0.8
ECS,2020,10.046940492264879,0.8
ECS,2021,10.112184256975493,0.8
ECS,2022,10.146008265174808,0.8
ECS,2023,10.155841806951983,0.7
ECS,2024,10.167763250017387,0.6
ECU,1987,8.238991974700127,21.6
ECU,1994,8.315649839551714,21.5
ECU,1995,8.318909885814428,18.1
ECU,1998,8.355154966713103,21.1
ECU,1999,8.288834297845295,26.9
ECU,2000,8.282330942924474,34.1
ECU,2003,8.347640876056564,18.9
ECU,2004,8.396208401073688,19.4
ECU,2005,8.431488994320295,15.4
ECU,2006,8.456801913123694,10.9
ECU,2007,8.458568582904595,10.9
ECU,2008,8.505100802337594,9.8
ECU,2009,8.498894143856889,9.3
ECU,2010,8.521624109159822,7.8
ECU,2011,8.586617988892254,6.4
ECU,2012,8.626918292108286,6.0
ECU,2013,8.681575078092347,4.5
ECU,2014,8.708646547394471,4.0
ECU,2015,8.695533446764424,4.8
ECU,2016,8.674049216381379,5.0
ECU,2017,8.716744220594295,4.3
ECU,2018,8.709975776667743,4.7
ECU,2019,8.694734906925728,4.6
ECU,2020,8.585914703255183,8.4
ECU,2021,8.66821236299871,5.3
ECU,2022,8.717271976290036,4.4
ECU,2023,8.726709881444197,4.7
ECU,2024,8.69847203437044,7.3
ECU,2025,8.726575513672413,3.4
EGY,1990,7.586873458191159,7.1
EGY,1995,7.6376392785571525,4.1
EGY,1999,7.767206523053944,0.0
EGY,2004,7.853380872645033,4.1
EGY,2008,8.02362217321319,3.7
EGY,2010,8.081427176435344,1.5
EGY,2012,8.077444647624214,1.2
EGY,2015,8.103791147239486,1.2
EGY,2017,8.146972520522551,3.1
EGY,2019,8.216424429768118,2.0
EGY,2021,8.252529465257624,1.4
ESP,1980,9.608203773692113,0.8
ESP,1985,9.65168986735926,0.5
ESP,1990,9.861350674786204,0.6
ESP,1993,9.872744446053932,1.4
ESP,1994,9.891535846026347,1.3
ESP,1995,9.914323787594775,1.6
ESP,1996,9.93589860738898,1.6
ESP,1997,9.966951958998637,1.0
ESP,1998,10.004933619310549,1.1
ESP,1999,10.044024793043178,0.7
ESP,2000,10.090252632779737,0.9
ESP,2003,10.145694845257607,0.9
ESP,2004,10.159110322815067,1.0
ESP,2005,10.177113069806827,0.9
ESP,2006,10.199847815939053,0.9
ESP,2007,10.216062049970796,0.6
ESP,2008,10.207751124941538,0.6
ESP,2009,10.160484139040701,0.9
ESP,2010,10.156820836433829,0.7
ESP,2011,10.146847683412647,1.3
ESP,2012,10.11712883089339,1.0
ESP,2013,10.106369454011844,1.3
ESP,2014,10.124542975250144,0.9
ESP,2015,10.165176266554539,1.1
ESP,2016,10.193139342327708,1.3
ESP,2017,10.219256993809829,0.8
ESP,2018,10.238412970115375,1.0
ESP,2019,10.250667944350491,0.9
ESP,2020,10.129707163242017,1.1
ESP,2021,10.192619682417382,0.7
ESP,2022,10.247187511200723,0.8
ESP,2023,10.259714515507623,0.8
EST,1993,8.81084146234178,1.6
EST,1995,8.877792874291018,0.7
EST,1998,9.126951734890294,0.0
EST,2000,9.21101710574961,3.0
EST,2001,9.274529973063835,3.0
EST,2002,9.347896602878398,2.9
EST,2003,9.427388918715423,3.6
EST,2004,9.499161429013615,1.6
EST,2005,9.59584886294519,1.1
EST,2006,9.69489482293567,1.1
EST,2007,9.772436862056837,0.6
EST,2008,9.722504965252952,0.6
EST,2009,9.566254604254663,0.8
EST,2010,9.592737434433703,1.0
EST,2011,9.669088541910629,1.2
EST,2012,9.70873004978842,1.0
EST,2013,9.729701425205867,1.1
EST,2014,9.765011771172404,1.0
EST,2015,9.782570874036644,0.7
EST,2016,9.81274124557614,0.6
EST,2017,9.866347008624501,0.5
EST,2018,9.899195630013553,0.4
EST,2019,9.932068968224876,0.7
EST,2020,9.90083131269748,0.4
EST,2021,9.979089607962248,0.3
EST,2022,9.95338660136682,0.5
EST,2023,9.90978632598162,0.3
ETH,1995,5.447730200346377,73.5
ETH,1999,5.48315538475389,65.9
ETH,2004,5.5907015419850365,41.3
ETH,2010,6.04476505384559,37.4
ETH,2015,6.39344377528803,33.0
ETH,2021,6.672864270197742,38.6
FIN,1987,10.254582701150582,0.1
FIN,1991,10.285034808846994,0.0
FIN,1995,10.305296797077705,0.0
FIN,2000,10.54198322818293,0.1
FIN,2003,10.597608857738258,0.0
FIN,2004,10.633977792119145,0.0
FIN,2005,10.657949721074669,0.1
FIN,2006,10.693520849629339,0.1
FIN,2007,10.741031351305585,0.1
FIN,2008,10.744189564154127,0.1
FIN,2009,10.65519872389004,0.1
FIN,2010,10.681815110699374,0.1
FIN,2011,10.700802242658,0.1
FIN,2012,10.680698603596396,0.1
FIN,2013,10.666245645191548,0.1
FIN,2014,10.657317894845738,0.1
FIN,2015,10.658678246085698,0.1
FIN,2016,10.68119819509062,0.0
FIN,2017,10.711351303153466,0.1
FIN,2018,10.721884069873319,0.1
FIN,2019,10.734189259287104,0.0
FIN,2020,10.70752697299843,0.0
FIN,2021,10.731865674190225,0.0
FIN,2022,10.736747683651803,0.1
FIN,2023,10.718774518542816,0.2
FRA,1970,9.747819178900341,0.1
FRA,1975,9.899698995378332,0.4
FRA,1979,10.034175228434984,0.3
FRA,1984,10.090050834547268,0.4
FRA,1990,10.239708870077546,0.2
FRA,1996,10.298356000726578,0.2
FRA,1997,10.319744975933151,0.1
FRA,1998,10.349982869744483,0.1
FRA,1999,10.378252352768595,0.1
FRA,2000,10.41196455938631,0.1
FRA,2001,10.423491143620433,0.1
FRA,2002,10.426841714324294,0.1
FRA,2003,10.429417063317526,0.2
FRA,2004,10.450369670643694,0.1
FRA,2005,10.46156035781355,0.1
FRA,2006,10.481375840933726,0.0
FRA,2007,10.500183536717612,0.0
FRA,2008,10.498397836691959,0.0
FRA,2009,10.46461223230059,0.1
FRA,2010,10.479488279806773,0.1
FRA,2011,10.498745023373234,0.0
FRA,2012,10.495744539126457,0.1
FRA,2013,10.498362554628631,0.1
FRA,2014,10.503542950822526,0.0
FRA,2015,10.510598309049092,0.1
FRA,2016,10.516523159928422,0.1
FRA,2017,10.534243183775834,0.0
FRA,2018,10.546983342576375,0.0
FRA,2019,10.563729425368221,0.1
FRA,2020,10.483163766260127,0.1
FRA,2021,10.546153139940396,0.1
FRA,2022,10.567935067766882,0.1
FRA,2023,10.579473701890324,0.1
GBR,1968,9.84164892955919,0.2
GBR,1969,9.85669665738178,0.2
GBR,1970,9.879434919055969,0.1
GBR,1971,9.895105365475754,0.1
GBR,1972,9.927336448650737,0.2
GBR,1973,9.995988963892128,0.0
GBR,1974,9.978418723406538,0.2
GBR,1975,9.97170124353255,0.2
GBR,1976,9.999607739649743,0.1
GBR,1977,10.023295039751096,0.2
GBR,1978,10.056708845131288,0.1
GBR,1979,10.082908811273999,0.1
GBR,1980,10.059681685874784,0.1
GBR,1981,10.046010529294433,0.1
GBR,1982,10.067083608355079,0.1
GBR,1983,10.102344714891201,0.1
GBR,1984,10.127120880115712,0.1
GBR,1985,10.160212541006658,0.1
GBR,1986,10.197235701286083,0.3
GBR,1987,10.239720112590565,0.1
GBR,1988,10.28659532256088,0.1
GBR,1989,10.306550317089005,0.2
GBR,1990,10.311323466784343,0.1
GBR,1991,10.295222343281756,0.1
GBR,1992,10.305382216834882,0.1
GBR,1993,10.337294276206352,0.2
GBR,1994,10.383094771593255,0.4
GBR,1995,10.41517329011568,0.3
GBR,1996,10.43844014324964,0.2
GBR,1997,10.483511123360252,0.2
GBR,1998,10.51254441599142,0.3
GBR,1999,10.53822977803471,0.3
GBR,2000,10.578906935959393,0.3
GBR,2001,10.598686026147227,0.3
GBR,2002,10.611398533105135,0.3
GBR,2003,10.638420192766988,0.3
GBR,2004,10.655724551877935,0.3
GBR,2005,10.676382694300225,0.3
GBR,2006,10.690694098683508,0.3
GBR,2007,10.711795251008132,0.3
GBR,2008,10.703430685941642,0.4
GBR,2009,10.648907150700913,0.4
GBR,2010,10.663421993615653,0.3
GBR,2011,10.664085262516195,0.3
GBR,2012,10.672129437639674,0.4
GBR,2013,10.68248836713804,0.2
GBR,2014,10.706129570954941,0.4
GBR,2015,10.720091425900469,0.3
GBR,2016,10.733974395454329,0.4
GBR,2017,10.758316647036539,0.4
GBR,2018,10.768826194480233,0.4
GBR,2019,10.776179814785435,0.4
GBR,2020,10.668607408899039,0.5
GBR,2021,10.747024927230289,0.4
GEO,1996,7.079288185532387,12.2
GEO,1997,7.211396958204062,28.2
GEO,1998,7.2666830359156025,26.8
GEO,1999,7.315526384744354,32.7
GEO,2000,7.3532091874893375,35.0
GEO,2001,7.415674798754026,36.7
GEO,2002,7.47794186249235,22.3
GEO,2003,7.589569196739825,22.3
GEO,2004,7.65207299240279,20.9
GEO,2005,7.750012245177596,22.3
GEO,2006,7.845734128141321,22.5
GEO,2007,7.969405137405952,23.9
GEO,2008,7.996370625261619,21.7
GEO,2009,7.968061876581072,21.1
GEO,2010,8.035947449482942,23.6
GEO,2011,8.120321950975983,21.6
GEO,2012,8.19140232888114,18.8
GEO,2013,8.244466988701284,14.9
GEO,2014,8.28408788641567,12.0
GEO,2015,8.315474075721646,10.6
GEO,2016,8.34879620797026,10.5
GEO,2017,8.398974235046817,11.1
GEO,2018,8.45821858661897,11.0
GEO,2019,8.51234374824076,9.7
GEO,2020,8.446686872355555,12.0
GEO,2021,8.551633004229327,10.8
GEO,2022,8.65457046590989,7.7
GEO,2023,8.72917396650096,5.8
GEO,2024,8.79578775566817,4.2
GHA,1987,6.689511715817729,78.2
GHA,1988,6.720241129084021,77.4
GHA,1991,6.778370368168698,80.4
GHA,1998,6.89993106750372,65.3
GHA,2005,7.041684408174118,60.9
GHA,2012,7.402781174330231,41.8
GHA,2016,7.462106386506756,39.0
GIN,1991,6.292721711139453,86.4
GIN,1994,6.320701353675846,37.5
GIN,2002,6.477825789345846,50.3
GIN,2007,6.5127834197966274,44.0
GIN,2012,6.578564749774563,21.3
GIN,2018,6.802291789183961,11.7
GNB,1991,6.372612225265042,50.8
GNB,1993,6.341875037910797,52.8
GNB,2002,6.386947558030213,68.2
GNB,2010,6.439197048309351,75.7
GNB,2018,6.5315433242342085,37.1
GNB,2021,6.5922180046582115,39.9
GRC,1995,9.67139256849239,1.2
GRC,2000,9.798288493921106,0.3
GRC,2002,9.88064707061025,0.4
GRC,2003,9.93461094105719,0.6
GRC,2004,9.984519236978075,0.9
GRC,2005,9.993352323137543,0.4
GRC,2006,10.05279218530422,0.7
GRC,2007,10.08471240855404,0.6
GRC,2008,10.08263240532506,0.4
GRC,2009,10.037936915266377,0.6
GRC,2010,9.97802548337689,1.1
GRC,2011,9.875512669062738,1.5
GRC,2012,9.793932811716232,2.1
GRC,2013,9.77820074620124,1.5
GRC,2014,9.792752913444167,2.0
GRC,2015,9.797055898070218,2.0
GRC,2016,9.800897030118499,1.4
GRC,2017,9.81749865878462,1.1
GRC,2018,9.83996392753441,0.2
GRC,2019,9.863533720531763,1.0
GRC,2020,9.769210243689429,1.1
GRC,2021,9.864293860796053,0.7
GRC,2022,9.930640789735907,0.6
GRC,2023,9.954696921932085,0.6
GTM,1986,7.885759056994575,47.4
GTM,1989,7.91372517805622,35.1
GTM,1998,8.035919064777675,13.4
GTM,2000,8.06020335773018,8.8
GTM,2006,8.128039815933025,10.5
GTM,2014,8.24528363451438,8.0
GTM,2023,8.404932288649032,9.7
HND,1989,5.9630256461466695,49.5
HND,1990,6.126827786079542,51.7
HND,1991,6.329944752694043,41.3
HND,1992,6.388038581740054,36.5
HND,1993,6.487485867726333,31.3
HND,1994,6.713917677025086,32.9
HND,1995,6.906110491243271,34.4
HND,1996,7.08455185871165,38.2
HND,1997,7.258926875145865,27.5
HND,1998,7.341974948869521,32.3
HND,1999,7.4252264669323385,32.1
HND,2001,7.48951725423363,26.5
HND,2002,7.499961637894678,29.0
HND,2003,7.518768713105256,34.0
HND,2004,7.554287415846978,33.3
HND,2005,7.588757243651944,31.3
HND,2006,7.628777765251771,27.3
HND,2007,7.6658449958021375,22.0
HND,2008,7.6848515706753915,20.9
HND,2009,7.638346883988053,18.1
HND,2010,7.653719336371345,19.6
HND,2011,7.670690920319553,20.1
HND,2012,7.6909231236638504,24.0
HND,2013,7.698664751950635,20.8
HND,2014,7.709419463290649,20.6
HND,2015,7.728064776258591,19.9
HND,2016,7.747480178426329,19.8
HND,2017,7.776272403264893,19.3
HND,2018,7.7957021053986795,19.8
HND,2019,7.802869969930534,18.8
HND,2023,7.834896397263408,17.0
HND,2024,7.85372939247482,15.7
HRV,1998,9.056916327025583,0.0
HRV,1999,9.05269579320283,0.0
HRV,2000,9.09161065112197,0.0
HRV,2001,9.160722215315799,0.0
HRV,2004,9.311011376440927,0.0
HRV,2008,9.47043393506152,0.0
HRV,2009,9.400936311686397,1.0
HRV,2010,9.389752826070092,1.4
HRV,2011,9.392089574727283,1.0
HRV,2012,9.374208146049614,1.1
HRV,2013,9.379108447129262,1.2
HRV,2014,9.381161178832615,1.2
HRV,2015,9.416042708105977,0.7
HRV,2016,9.460980308816126,0.9
HRV,2017,9.509360757335081,0.6
HRV,2018,9.551164535233514,0.5
HRV,2019,9.591640754590063,0.4
HRV,2020,9.513827402634133,0.4
HRV,2021,9.641816648072357,0.3
HRV,2022,9.718261785319784,0.4
HRV,2023,9.754143246574452,0.3
HUN,1987,9.071058230130761,0.0
HUN,1989,9.090165218440077,0.0
HUN,1991,8.938353193850011,2.1
HUN,1993,8.902986091856473,0.0
HUN,1994,8.933400530910587,1.9
HUN,1998,9.023752229651365,0.4
HUN,1999,9.056978804837003,0.6
HUN,2000,9.102725738372246,0.1
HUN,2001,9.144836471082037,0.0
HUN,2002,9.19390003223576,0.1
HUN,2003,9.235396227928526,0.2
HUN,2004,9.286049537171168,0.3
HUN,2005,9.330142216715485,1.0
HUN,2006,9.370284620027851,0.2
HUN,2007,9.375151804223755,0.2
HUN,2008,9.386788127288737,0.1
HUN,2009,9.318556539942156,0.1
HUN,2010,9.331439562362826,0.2
HUN,2011,9.353258883634082,0.2
HUN,2012,9.344937894871526,0.5
HUN,2013,9.369868460150887,0.5
HUN,2014,9.416327831067596,1.0
HUN,2015,9.455866846819694,1.0
HUN,2016,9.48384663995505,1.6
HUN,2017,9.527647575569224,0.9
IDA,1989,6.767588671554137,63.1
IDA,1990,6.778771451642597,63.3
IDA,1991,6.773104587633466,62.9
IDA,1992,6.766322669802728,62.0
IDA,1993,6.747999081906809,62.3
IDA,1994,6.73231182202279,61.2
IDA,1995,6.741645648247453,60.7
IDA,1996,6.763985897271693,59.5
IDA,1997,6.776577755674203,58.9
IDA,1998,6.786012331755417,58.9
IDA,1999,6.791209932498048,58.9
IDA,2000,6.805421155265215,58.5
IDA,2001,6.821349543825462,57.8
IDA,2002,6.850935309426845,57.1
IDA,2003,6.873900024597588,55.3
IDA,2004,6.91514864466335,51.9
IDA,2005,6.951441048763558,50.0
IDA,2006,6.986183819547219,48.3
IDA,2007,7.01974253888446,46.5
IDA,2008,7.045119805410745,44.3
IDA,2009,7.070621723068302,43.9
IDA,2010,7.10738553778706,41.8
IDA,2011,7.124732695923629,40.9
IDA,2012,7.136398340003816,39.6
IDA,2013,7.168489658858821,37.1
IDA,2014,7.200349229550958,36.2
IDA,2015,7.213698492178104,36.0
IDA,2016,7.22455647757306,35.6
IDA,2017,7.242356984831652,34.7
IDA,2018,7.263433910666109,34.0
IDA,2019,7.28013440263033,33.9
IDA,2020,7.24023060990671,35.7
IDA,2021,7.257688180901063,36.2
IDA,2022,7.28115869665138,35.9
IDA,2023,7.290568885396017,36.1
IDA,2024,7.312138517922013,35.9
IDN,1984,7.083044321947273,86.2
IDN,1987,7.15158915755573,86.8
IDN,1990,7.293642125980137,78.6
IDN,1993,7.434320833173176,78.0
IDN,1996,7.611343502315614,68.1
IDN,1998,7.484481274835612,82.8
IDN,1999,7.477329696065892,66.2
IDN,2000,7.511033910001544,65.7
IDN,2001,7.532940336868642,62.3
IDN,2002,7.56339494454081,46.8
IDN,2003,7.596853375586996,45.5
IDN,2004,7.633227420160034,45.4
IDN,2005,7.6757537775135924,41.1
IDN,2006,7.716051015834325,46.8
IDN,2007,7.7643609115767465,41.1
IDN,2008,7.809785586289368,38.0
IDN,2009,7.842365066469774,37.9
IDN,2010,7.890138165690505,34.1
IDN,2011,7.937240647144549,31.2
IDN,2012,7.982934630154651,26.6
IDN,2013,8.024614233453086,27.2
IDN,2014,8.061714295302249,25.7
IDN,2015,8.09810248419129,21.6
IDN,2016,8.136462661371946,18.0
IDN,2017,8.175693938429035,14.8
IDN,2018,8.21644521178391,12.5
IDN,2019,8.25606300168653,10.9
IDN,2020,8.226693570902942,9.8
IDN,2021,8.256007313238973,8.6
IDN,2022,8.300258389089292,7.9
IDN,2023,8.341086842622474,6.7
IDN,2024,8.382048479458371,5.4
IDN,2025,8.424020448251365,4.0
IND,1977,5.980007431343878,59.7
IND,1983,6.069418695377619,50.9
IND,1987,6.15105033628222,51.8
IND,1993,6.3339417043660005,47.5
IND,2004,6.794134759426066,46.4
IND,2009,7.051943612797376,34.6
IND,2011,7.155872803144619,27.1
IND,2022,7.64884047252486,5.3
IRL,1987,9.866887011152564,1.3
IRL,1994,10.175943385987138,0.4
IRL,1995,10.262797638206795,0.4
IRL,1996,10.326085188278505,0.2
IRL,2000,10.659597334815277,0.2
IRL,2002,10.735841917249259,0.3
IRL,2003,10.749245557098549,0.2
IRL,2004,10.796639103723713,0.1
IRL,2005,10.830663076992838,0.1
IRL,2006,10.852377498467067,0.5
IRL,2007,10.875207217259875,0.1
IRL,2008,10.80894298253408,0.2
IRL,2009,10.746484306991263,0.6
IRL,2010,10.757725130159226,0.7
IRL,2011,10.76932501970944,0.7
IRL,2012,10.76102906285345,0.5
IRL,2013,10.777455886695826,0.7
IRL,2014,10.859856708820013,0.4
IRL,2015,11.070539158679278,0.4
IRL,2016,11.06985162828991,0.3
IRL,2017,11.15265294469854,0.3
IRL,2018,11.212212931086379,0.1
IRL,2019,11.244858235578402,0.1
IRL,2020,11.301314364517266,0.2
IRL,2021,11.437999659259562,0.1
IRL,2022,11.490613766591297,0.2
IRL,2023,11.446165431356981,0.1
IRN,1986,8.08174879095022,21.8
IRN,1990,8.077819953797071,21.6
IRN,1994,8.145624909929019,15.8
IRN,1998,8.2173212921071,15.2
IRN,2005,8.44469957408565,4.5
IRN,2006,8.471943379078233,4.5
IRN,2009,8.521960438739798,4.9
IRN,2011,8.57955911181092,2.3
IRN,2012,8.528854212287344,1.8
IRN,2013,8.500448359868757,1.9
IRN,2014,8.535662223403056,3.3
IRN,2015,8.507694936536325,3.0
IRN,2016,8.57783988349113,3.0
IRN,2017,8.593272332655868,2.7
IRN,2018,8.542319847097776,3.2
IRN,2019,8.507639033619936,4.3
IRN,2020,8.543411333963832,4.6
IRN,2021,8.575579586906029,3.7
IRN,2022,8.606176942485563,2.8
IRN,2023,8.646086538386578,2.5
ISL,2003,10.71639187687901,0.0
ISL,2004,10.781073040524634,0.2
ISL,2005,10.833176942954799,0.0
ISL,2006,10.86486882264863,0.2
ISL,2007,10.92336971907279,0.1
ISL,2008,10.92162728673776,0.1
ISL,2009,10.831332963583085,0.1
ISL,2010,10.81030326733911,0.1
ISL,2011,10.820954198083005,0.2
ISL,2012,10.827258472027884,0.0
ISL,2013,10.853137383566025,0.1
ISL,2014,10.860969666254384,0.0
ISL,2015,10.8875434021307,0.0
ISL,2016,10.933986812313744,0.0
ISL,2017,10.944788122065628,0.0
ISL,2018,10.963560869920638,0.3
ISL,2019,10.952889381082931,0.1
ISR,1979,9.838226004970824,0.3
ISR,1986,9.923304738525722,0.5
ISR,1992,10.071077778875997,0.2
ISR,1997,10.208919470437998,0.6
ISR,2001,10.268270921364092,0.4
ISR,2002,10.246600363683719,0.8
ISR,2003,10.24278883351691,0.9
ISR,2004,10.27055855276798,1.0
ISR,2005,10.295534597203016,0.9
ISR,2006,10.332260113175682,0.5
ISR,2007,10.37571716308418,0.6
ISR,2008,10.38960325878136,0.7
ISR,2009,10.37782909221301,0.9
ISR,2010,10.413525999508337,0.6
ISR,2011,10.448713180591845,0.3
ISR,2012,10.45406523667223,0.8
ISR,2013,10.475491751594292,0.6
ISR,2014,10.492803195240448,0.6
ISR,2015,10.49510397493118,0.5
ISR,2016,10.51986199451407,0.5
ISR,2017,10.542997159561487,0.7
ISR,2018,10.563465930341833,0.7
ISR,2019,10.579540405100516,0.9
ISR,2020,10.543718568236718,0.7
ISR,2021,10.616149063410235,0.6
ISR,2022,10.658183042926506,0.4
ITA,1977,9.879348379361527,0.3
ITA,1978,9.907672792657602,0.5
ITA,1979,9.962664866980612,0.5
ITA,1980,9.994329896904684,0.2
ITA,1981,10.001536193275344,0.1
ITA,1982,10.00492270247099,0.1
ITA,1983,10.016183966698364,0.2
ITA,1984,10.047709600912873,0.2
ITA,1986,10.103161035368542,0.4
ITA,1987,10.134479747242512,1.1
ITA,1989,10.207656856537419,0.1
ITA,1991,10.241057949676414,0.3
ITA,1993,10.239510863295493,1.5
ITA,1995,10.289032939038652,0.7
ITA,1998,10.338258222585209,1.7
ITA,2000,10.39236407133272,1.3
ITA,2002,10.412334643742938,1.7
ITA,2003,10.407595760382595,0.9
ITA,2004,10.414782300707424,0.8
ITA,2005,10.41654095710411,0.8
ITA,2006,10.430374973291826,0.8
ITA,2007,10.438808040299792,0.8
ITA,2008,10.420811041774327,0.9
ITA,2009,10.36050294365907,1.1
ITA,2010,10.371256009460247,1.4
ITA,2011,10.374724896986937,1.3
ITA,2012,10.34023860303618,1.4
ITA,2013,10.319893331311004,1.6
ITA,2014,10.319728682843698,1.4
ITA,2015,10.330057804498121,2.1
ITA,2016,10.344245132051489,1.8
ITA,2017,10.362035906529954,1.5
ITA,2018,10.372354339411459,1.7
ITA,2019,10.379113910254729,1.0
ITA,2020,10.291121252629488,0.9
ITA,2021,10.381822291048463,0.9
ITA,2022,10.430930932943047,0.7
ITA,2023,10.440615759301478,0.9
JAM,1988,8.37487001433641,13.8
JAM,1990,8.470861982746346,11.6
JAM,1993,8.598469139934071,20.5
JAM,1996,8.604323341558661,8.3
JAM,1999,8.554102735193771,5.7
JAM,2002,8.576570275281398,6.4
JAM,2004,8.61381185135065,4.5
JAM,2018,8.651352723657938,0.4
JAM,2021,8.63185202428082,1.4
JOR,1986,8.457177535177271,0.0
JOR,1992,8.178846214202164,1.1
JOR,1997,8.183690193481418,0.0
JOR,2002,8.288887309809377,1.0
JOR,2006,8.433065454961849,0.3
JOR,2008,8.497476790473112,0.1
JOR,2010,8.530404970293183,0.1
JPN,2008,10.43436846328704,1.1
JPN,2009,10.373299251032167,0.8
JPN,2010,10.413651574637631,0.6
JPN,2011,10.41349825111993,0.5
JPN,2012,10.43145023015675,1.4
JPN,2013,10.452668875283202,0.9
JPN,2014,10.463014184373353,0.7
JPN,2015,10.481915130021003,0.4
JPN,2016,10.489451635006422,0.7
JPN,2017,10.506374513703035,0.6
JPN,2018,10.515950155308118,1.0
JPN,2019,10.514265067548665,1.3
JPN,2020,10.473429829569152,1.2
KAZ,1993,8.34833141258714,14.6
KAZ,1996,8.18405872183327,14.6
KAZ,2001,8.481053681107872,20.7
KAZ,2002,8.569348929876957,16.2
KAZ,2003,8.652498608213037,12.3
KAZ,2004,8.737660267160361,7.6
KAZ,2005,8.822824933568548,14.6
KAZ,2006,8.91602258117973,2.4
KAZ,2007,8.99179572921663,1.1
KAZ,2008,9.013902261750278,0.8
KAZ,2009,9.014130715501834,0.8
KAZ,2010,9.071619141679536,0.5
KAZ,2011,9.129488401414495,0.2
KAZ,2012,9.162400897365673,0.1
KAZ,2013,9.20630482703776,0.1
KAZ,2014,9.232758209369432,0.1
KAZ,2015,9.22976279225756,0.1
KAZ,2016,9.225369202550446,0.2
KAZ,2017,9.249971757006811,0.1
KAZ,2018,9.275211214279073,0.1
KAZ,2019,9.304712300109017,0.1
KAZ,2020,9.265305335782502,0.0
KAZ,2021,9.294073939503082,0.0
KEN,1992,7.135638545059951,32.0
KEN,1994,7.106429164142582,32.0
KEN,1997,7.1116715011292895,32.6
KEN,2005,7.1094278780513624,44.6
KEN,2015,7.305940350326721,37.7
KEN,2020,7.383575795278356,44.4
KEN,2021,7.4377337794223415,46.4
KEN,2022,7.465959778972922,45.5
KGZ,1998,6.514798980701419,43.7
KGZ,2000,6.576946937537752,66.2
KGZ,2001,6.619304617323415,61.5
KGZ,2002,6.609946101559569,58.1
KGZ,2003,6.667402589947659,56.6
KGZ,2004,6.723209775784868,32.5
KGZ,2005,6.710169233736901,36.6
KGZ,2006,6.729988963282616,26.0
KGZ,2007,6.802425834949683,23.3
KGZ,2008,6.8735881449924054,13.8
KGZ,2009,6.8887976173607335,9.8
KGZ,2010,6.8698091346426935,12.6
KGZ,2011,6.913223479268187,9.3
KGZ,2012,6.893501460859957,10.5
KGZ,2013,6.975212079410454,13.5
KGZ,2014,6.992631341580301,8.1
KGZ,2015,7.008190429517273,11.0
KGZ,2016,7.028481677609842,8.0
KGZ,2017,7.05374367287057,8.2
KGZ,2018,7.069084086759415,5.9
KGZ,2019,7.091639792303957,4.9
KGZ,2020,6.996982051067232,9.4
KGZ,2021,7.032231137099607,5.6
KGZ,2022,7.100174125481829,4.5
KGZ,2023,7.168778063161089,2.7
KGZ,2024,7.260934492522644,2.2
KOR,2006,10.050276314587203,0.5
KOR,2008,10.12400925527797,0.5
KOR,2010,10.18953261252483,0.5
KOR,2012,10.237959805487082,0.5
KOR,2014,10.29115092240545,0.3
KOR,2016,10.341916896889888,0.2
KOR,2017,10.372862944802542,0.2
KOR,2018,10.399794957607943,0.2
KOR,2019,10.41919060373782,0.2
KOR,2020,10.410784855878186,0.1
KOR,2021,10.45716976361207,0.1
LAO,1992,6.493199771034531,42.1
LAO,1997,6.708335396976584,62.0
LAO,2002,6.902232297322216,43.1
LAO,2007,7.170954560494024,36.0
LAO,2012,7.481350527080471,21.7
LAO,2018,7.807907989198822,15.7
LAO,2024,7.908783443491152,7.1
LCN,1981,8.716106087387455,20.0
LCN,1982,8.693812224671687,20.7
LCN,1983,8.647014936513042,23.8
LCN,1984,8.664369039496428,23.4
LCN,1985,8.673633401976184,21.8
LCN,1986,8.688363979356845,16.7
LCN,1987,8.701477982595131,19.5
LCN,1988,8.689894009227,20.0
LCN,1989,8.682808225660478,19.2
LCN,1990,8.662218081568676,20.7
LCN,1991,8.675130538341492,20.1
LCN,1992,8.68361821619436,20.2
LCN,1993,8.707888304166106,20.1
LCN,1994,8.74000514174037,19.5
LCN,1995,8.732717865375234,18.5
LCN,1996,8.754605347148669,19.9
LCN,1997,8.79185584154606,19.4
LCN,1998,8.80506826921286,19.2
LCN,1999,8.795121649854586,19.5
LCN,2000,8.816109174513425,18.1
LCN,2001,8.807478604057277,17.9
LCN,2002,8.796254753491977,17.1
LCN,2003,8.805203004728714,16.6
LCN,2004,8.8483295183981,15.3
LCN,2005,8.876361508722532,14.2
LCN,2006,8.915769816166403,12.0
LCN,2007,8.955628394837488,10.8
LCN,2008,8.980370222816623,9.9
LCN,2009,8.94586832025922,9.5
LCN,2010,8.994676789094298,8.5
LCN,2011,9.026976105891977,7.7
LCN,2012,9.0424860175327,7.5
LCN,2013,9.058919698410117,6.8
LCN,2014,9.060703868902047,6.5
LCN,2015,9.053326017688763,6.0
LCN,2016,9.036550150921778,6.2
LCN,2017,9.042919699930799,6.2
LCN,2018,9.046603443445422,6.1
LCN,2019,9.041650887728721,6.2
LCN,2020,8.963538826706362,5.8
LCN,2021,9.026134236525966,6.2
LCN,2022,9.06027931727582,5.0
LCN,2023,9.075227936316661,4.6
LCN,2024,9.090603230175573,4.3
LKA,1985,7.117800768224551,28.2
LKA,1990,7.236043774009545,23.4
LKA,1995,7.427352635756623,23.0
LKA,2002,7.5762127743406955,20.7
LKA,2006,7.794142825368151,12.2
LKA,2009,7.932819158525343,7.8
LKA,2012,8.156163201997577,6.4
LKA,2016,8.346343462186052,3.8
LKA,2019,8.401957832447152,2.7
LMY,1981,7.275507598250927,62.0
LMY,1982,7.28213943142179,61.3
LMY,1983,7.274962477706951,60.3
LMY,1984,7.29940723896769,59.3
LMY,1985,7.3214484166123555,58.1
LMY,1986,7.3367935590875355,56.7
LMY,1987,7.361109735189115,55.9
LMY,1988,7.380718673537132,54.2
LMY,1989,7.387902573586717,56.0
LMY,1990,7.398443502954022,55.5
LMY,1991,7.408049398434823,55.0
LMY,1992,7.430918147626136,54.0
LMY,1993,7.4609439499078505,53.2
LMY,1994,7.492555001820027,51.3
LMY,1995,7.520120270056633,49.6
LMY,1996,7.562879931946283,47.7
LMY,1997,7.601095972263068,47.4
LMY,1998,7.6167578899047905,47.5
LMY,1999,7.63584708998874,46.5
LMY,2000,7.674045917809136,45.1
LMY,2001,7.694560388477513,43.9
LMY,2002,7.725211224461312,41.9
LMY,2003,7.7668225975456595,39.9
LMY,2004,7.826914684098406,37.5
LMY,2005,7.88375544493188,35.0
LMY,2006,7.9485721923856465,33.3
LMY,2007,8.0192925100212,31.2
LMY,2008,8.06300534815674,29.7
LMY,2009,8.087922008505945,28.4
LMY,2010,8.151853935052964,25.8
LMY,2011,8.199341427251682,23.4
LMY,2012,8.238735369360658,21.8
LMY,2013,8.27956510289994,18.9
LMY,2014,8.31610446879735,17.6
LMY,2015,8.348485131978416,16.3
LMY,2016,8.381021590249796,15.2
LMY,2017,8.419480543965545,14.3
LMY,2018,8.455111072434411,13.4
LMY,2019,8.483229247799903,13.0
LMY,2020,8.460292083171598,13.8
LMY,2021,8.521032593062579,13.7
LMY,2022,8.550761542945791,13.1
LMY,2023,8.586529573580334,12.7
LMY,2024,8.619628645046438,12.5
LTU,1993,8.557652100471223,14.3
LTU,1996,8.55854629325402,0.2
LTU,1998,8.724885578954783,1.0
LTU,1999,8.720949774436969,1.3
LTU,2000,8.761598486059869,1.2
LTU,2001,8.832664315821049,1.6
LTU,2002,8.905728864712287,1.4
LTU,2003,9.014166517130162,0.4
LTU,2004,9.088390340225851,4.0
LTU,2005,9.179145691791812,2.7
LTU,2006,9.266457395918302,1.8
LTU,2007,9.383398700866026,1.6
LTU,2008,9.419346031266365,1.8
LTU,2009,9.269827443918208,2.7
LTU,2010,9.29505977471369,2.0
LTU,2011,9.378961846276315,0.9
LTU,2012,9.43481251284963,1.1
LTU,2013,9.483858122194823,1.2
LTU,2014,9.529026046974057,1.7
LTU,2015,9.565900974414994,1.0
LTU,2016,9.603942536356517,1.5
LTU,2017,9.66116113904556,1.2
LTU,2018,9.717453240633645,1.0
LTU,2019,9.766047038279611,0.6
LTU,2020,9.766731266286294,0.5
LTU,2021,9.829425937275333,0.3
LTU,2022,9.845532261123843,0.8
LTU,2023,9.838891977222683,1.1
LUX,1985,10.777881617201334,0.1
LUX,1986,10.868559063728112,0.0
LUX,1987,10.90082746244883,0.0
LUX,1988,10.97481283557337,0.0
LUX,1989,11.058559247052292,0.0
LUX,1990,11.097874274297443,0.0
LUX,1991,11.167385497067487,0.0
LUX,1992,11.172134993588744,0.0
LUX,1993,11.199859263441622,0.0
LUX,1994,11.223738181740028,0.0
LUX,1995,11.223911168497406,0.0
LUX,1996,11.22418366269885,0.1
LUX,1997,11.26442822854804,0.0
LUX,1998,11.31659861764709,0.0
LUX,1999,11.381683022732027,0.0
LUX,2000,11.435322122859983,0.0
LUX,2001,11.453697220234687,0.0
LUX,2002,11.474964292429998,0.0
LUX,2003,11.488667636688167,0.1
LUX,2004,11.51589063447312,0.0
LUX,2005,11.525112002873286,0.0
LUX,2006,11.567587241751982,0.0
LUX,2007,11.630016229895714,0.0
LUX,2008,11.609113956065205,0.0
LUX,2009,11.557670527263427,0.0
LUX,2010,11.576330734059738,0.0
LUX,2011,11.564492839082202,0.1
LUX,2012,11.556839934456814,0.0
LUX,2013,11.564952432522976,0.1
LUX,2014,11.567275399860009,0.2
LUX,2015,11.566106096767557,0.3
LUX,2016,11.593135409684555,0.1
LUX,2017,11.581910853760451,0.3
LUX,2018,11.578607031358436,0.3
LUX,2019,11.586100640467407,0.1
LUX,2020,11.564323485350888,0.0
LUX,2021,11.61614172076635,0.1
LUX,2022,11.584940256197747,0.1
LUX,2023,11.565733875261605,0.1
LVA,1993,8.403962089410827,0.0
LVA,1995,8.44712868899316,2.2
LVA,1996,8.481131546060839,3.8
LVA,1997,8.578848806479929,3.5
LVA,1998,8.651722193255763,3.3
LVA,2002,8.915060099049965,1.5
LVA,2003,9.005650724624015,1.5
LVA,2004,9.100216745757315,3.7
LVA,2005,9.22091057163862,3.1
LVA,2006,9.350751219120642,1.9
LVA,2007,9.457984591626825,0.8
LVA,2008,9.43401934025724,1.6
LVA,2009,9.275699666271167,2.6
LVA,2010,9.259213068197027,2.6
LVA,2011,9.30733234061311,1.7
LVA,2012,9.390243234974816,1.4
LVA,2013,9.421697828426328,1.5
LVA,2014,9.451848434321084,1.1
LVA,2015,9.49717022995096,1.0
LVA,2016,9.531505822621467,1.0
LVA,2017,9.573792587331301,1.0
LVA,2018,9.62377826726125,0.6
LVA,2019,9.637461682130624,0.3
LVA,2020,9.609165455290974,0.5
LVA,2021,9.684719913140645,0.5
LVA,2022,9.706339110292909,0.4
LVA,2023,9.694578733235156,0.4
MAR,1984,7.240007109229694,22.4
MAR,1990,7.435813450576074,11.2
MAR,1998,7.566176677859204,17.5
MAR,2000,7.579240196479818,16.8
MAR,2006,7.820035146049843,9.4
MAR,2013,8.009092367633745,3.7
MDA,1997,7.282629635255891,19.1
MDA,1998,7.215373507281999,31.9
MDA,1999,7.182680742652346,44.0
MDA,2000,7.205572569970748,41.0
MDA,2001,7.267020689738975,32.2
MDA,2002,7.344443959671323,19.9
MDA,2003,7.411173309972095,10.0
MDA,2004,7.485037775118744,11.6
MDA,2005,7.559791625206144,16.6
MDA,2006,7.609454437228825,3.4
MDA,2007,7.641330424911858,1.6
MDA,2008,7.718341390309488,1.7
MDA,2009,7.6577286177050174,1.5
MDA,2010,7.727319739910406,0.8
MDA,2011,7.784450123967318,0.5
MDA,2012,7.778666421877294,0.5
MDA,2013,7.865514311622449,0.1
MDA,2014,7.914910633093125,0.0
MDA,2015,7.9191930393679435,0.1
MDA,2016,7.976236439923537,0.2
MDA,2017,8.03441489110945,0.1
MDA,2018,8.091932263900603,0.0
MDA,2019,8.14284217837886,0.0
MDA,2020,8.06743661337088,0.0
MDA,2021,8.212884945475608,0.2
MDA,2022,8.191502705235212,0.0
MDA,2023,8.231740317629335,0.1
MDG,1980,6.529565819812493,61.7
MDG,1993,6.1657533721540725,83.1
MDG,1997,6.112139396040779,80.7
MDG,1999,6.131301247550797,78.5
MDG,2001,6.1704589395028915,57.5
MDG,2005,6.111368068303234,55.3
MDG,2010,6.103491365332874,65.3
MDG,2012,6.092760187621575,67.3
MDG,2021,6.067497155248701,69.2
MEA,1984,8.208114199473675,36.2
MEA,1985,8.182069627253542,35.7
MEA,1986,8.135291674696951,35.5
MEA,1987,8.113980968547,35.5
MEA,1988,8.10631144684691,35.1
MEA,1989,8.114116170846145,34.9
MEA,1990,8.162856724588494,34.2
MEA,1991,8.156535706671377,32.0
MEA,1992,8.18850829404706,28.2
MEA,1993,8.185351246095095,28.3
MEA,1994,8.189803185502543,25.7
MEA,1995,8.196361472062382,25.3
MEA,1996,8.22156539790425,23.1
MEA,1997,8.238038814694361,22.7
MEA,1998,8.254943302321669,23.1
MEA,1999,8.258623965544142,23.4
MEA,2000,8.296988812664281,23.8
MEA,2001,8.293519533394578,24.6
MEA,2002,8.291773000108869,24.2
MEA,2003,8.31381041434139,22.2
MEA,2004,8.366575454350226,19.9
MEA,2005,8.394249470252298,18.8
MEA,2006,8.428305794092838,17.6
MEA,2007,8.455478442814137,16.7
MEA,2008,8.474722112271971,14.7
MEA,2009,8.462360718149812,15.2
MEA,2010,8.48809947781318,13.4
MEA,2011,8.503253783116811,13.0
MEA,2012,8.522762467158831,12.3
MEA,2013,8.524727411744843,11.6
MEA,2014,8.53524846677939,11.5
MEA,2015,8.542911577442746,11.3
MEA,2016,8.568707315500406,11.3
MEA,2017,8.572621512784359,11.1
MEA,2018,8.580529896281863,11.1
MEA,2019,8.579445003720778,11.6
MEA,2020,8.524962363814753,12.6
MEA,2021,8.559378764653118,13.4
MEA,2022,8.60281898271349,13.5
MEA,2023,8.605909519897002,13.9
MEA,2024,8.609842978743698,14.4
MEX,1984,9.01285523199945,15.0
MEX,1989,8.959800676235025,14.8
MEX,1992,9.027650459502315,13.3
MEX,1994,9.062244044349661,13.6
MEX,1996,9.026496011129996,21.7
MEX,1998,9.12280834431784,21.9
MEX,2000,9.167638455470653,16.3
MEX,2002,9.131543764230113,12.8
MEX,2004,9.150727275536402,11.0
MEX,2005,9.15815376319475,11.7
MEX,2006,9.191547694779059,9.0
MEX,2008,9.192822036515162,10.1
MEX,2010,9.147301229756302,8.4
MEX,2012,9.188352169827196,7.3
MEX,2014,9.196493064363933,7.2
MEX,2016,9.2203404164037,4.4
MEX,2018,9.239595156557186,3.9
MEX,2020,9.130717301987913,4.3
MEX,2022,9.21166428748381,2.3
MEX,2024,9.23834784459323,1.6
MKD,1998,8.019000710347171,3.3
MKD,2000,8.096628457873,11.7
MKD,2002,8.083362757975165,3.0
MKD,2003,8.104074995499568,2.8
MKD,2004,8.15299442814708,1.4
MKD,2005,8.204552378676441,3.1
MKD,2006,8.260168736376048,4.6
MKD,2008,8.387665366133492,1.4
MKD,2009,8.390541044147287,12.1
MKD,2010,8.429970557594938,12.8
MKD,2011,8.457683132467706,10.9
MKD,2012,8.457029446518554,9.1
MKD,2013,8.48955081431236,7.4
MKD,2014,8.527885823401416,6.4
MKD,2015,8.568396958460816,7.0
MKD,2016,8.599684612434945,5.7
MKD,2017,8.614468462655624,5.6
MKD,2018,8.647939544764558,4.3
MKD,2019,8.693091623035492,3.9
MLI,1994,6.4615947447833255,89.4
MLI,2001,6.6424350963160546,68.6
MLI,2006,6.680980809962873,64.0
MLI,2009,6.688960680909535,63.3
MLI,2018,6.794562305987584,29.4
MLI,2021,6.771170669370656,36.1
MLT,2006,9.824401291158187,0.5
MLT,2007,9.870050528040338,0.5
MLT,2008,9.906704960601118,0.2
MLT,2009,9.885115144640713,0.5
MLT,2010,9.940332284113836,0.3
MLT,2011,9.945968392916484,0.2
MLT,2012,9.977174176781398,0.2
MLT,2013,10.026876520412557,0.0
MLT,2014,10.080212459903496,0.0
MLT,2015,10.147596557588672,0.1
MLT,2016,10.164678050753091,0.1
MLT,2017,10.259294747390365,0.2
MLT,2018,10.293391930920295,0.2
MLT,2019,10.292912977147441,0.3
MLT,2020,10.23501211678321,0.4
MLT,2021,10.355184099191574,0.1
MLT,2022,10.356071324875137,0.1
MLT,2023,10.417203511533016,0.4
MNE,2005,8.510708783202205,0.4
MNE,2006,8.591657749908888,0.4
MNE,2007,8.659219984894689,0.4
MNE,2008,8.724155764719773,0.3
MNE,2009,8.66019412347567,0.0
MNE,2010,8.685739488027894,0.0
MNE,2011,8.717789619015496,0.4
MNE,2012,8.69087357481033,5.6
MNE,2013,8.722294744745602,5.2
MNE,2014,8.743864627239612,3.9
MNE,2015,8.767329156720102,3.6
MNE,2016,8.80002079578283,3.3
MNE,2017,8.830675800193273,4.6
MNE,2018,8.876190925394813,3.9
MNE,2019,8.91868941734561,2.5
MNE,2020,8.756517427251728,2.2
MNE,2021,8.881600336407983,2.5
MNG,1995,7.312730235057171,22.1
MNG,1998,7.362440402770404,39.7
MNG,2002,7.426937897613762,18.7
MNG,2007,7.784774548051303,4.0
MNG,2010,7.86774639284731,3.5
MNG,2011,8.00996655907954,2.2
MNG,2012,8.107167188010816,1.1
MNG,2014,8.25071379070713,0.8
MNG,2016,8.247460953034002,1.9
MNG,2018,8.338988508131704,1.7
MNG,2022,8.344240143608863,0.4
MOZ,1996,5.425824026152221,87.7
MOZ,2002,5.829343686083938,87.6
MOZ,2008,6.133283708601263,81.1
MOZ,2014,6.372067668344984,74.4
MOZ,2019,6.425094800688096,81.6
MOZ,2022,6.390386010393377,81.4
MRT,1987,7.3068122704000205,50.8
MRT,1993,7.258774671128621,54.1
MRT,1995,7.2599591686008536,31.7
MRT,2000,7.176186323850898,30.7
MRT,2004,7.201930669790764,28.5
MRT,2008,7.325186322170231,19.2
MRT,2014,7.329391204921639,11.7
MRT,2019,7.383463830237113,10.2
MYS,1984,8.208046666965744,6.7
MYS,1987,8.162804057512634,5.9
MYS,1989,8.282436141873417,4.9
MYS,1992,8.460863634581017,5.0
MYS,1995,8.660661668195443,5.2
MYS,1997,8.776561664448847,1.7
MYS,2003,8.814764280155496,3.2
MYS,2006,8.918624935385537,1.7
MYS,2008,8.984207087579115,1.5
MYS,2011,9.036025375384428,0.4
MYS,2013,9.101061885413454,0.1
MYS,2015,9.17457637603625,0.1
MYS,2018,9.269570612593471,0.0
MYS,2021,9.248432247470918,0.0
NAC,1981,10.349597460386404,0.6
NAC,1982,10.320394378099413,0.7
NAC,1983,10.354299674956419,0.7
NAC,1984,10.414329484789,0.6
NAC,1985,10.446721455837192,0.6
NAC,1986,10.47036619570308,0.6
NAC,1987,10.495476719575944,0.5
NAC,1988,10.527123797630805,0.5
NAC,1989,10.551797096777458,0.5
NAC,1990,10.557418597532301,0.5
NAC,1991,10.541415718305743,0.6
NAC,1992,10.560297348473007,0.6
NAC,1993,10.574405425156131,0.7
NAC,1994,10.602110977438311,0.7
NAC,1995,10.616855106305726,0.6
NAC,1996,10.640777130019561,0.6
NAC,1997,10.672333869370666,0.7
NAC,1998,10.704423575385173,0.8
NAC,1999,10.740297788033239,0.7
NAC,2000,10.77012595538714,0.7
NAC,2001,10.770384361874887,0.8
NAC,2002,10.778805302638979,0.8
NAC,2003,10.796980145070238,0.9
NAC,2004,10.824894132932767,0.9
NAC,2005,10.849680621177328,0.9
NAC,2006,10.867356319225248,0.9
NAC,2007,10.87770961993945,0.9
NAC,2008,10.869930575364487,1.0
NAC,2009,10.834509180136013,0.9
NAC,2010,10.852661893724555,1.0
NAC,2011,10.861279561963146,1.0
NAC,2012,10.875199916371148,1.0
NAC,2013,10.888450928097448,1.0
NAC,2014,10.905462187608274,1.2
NAC,2015,10.924759033218347,1.1
NAC,2016,10.933979772417509,1.0
NAC,2017,10.951267459556206,1.1
NAC,2018,10.973600989866133,1.0
NAC,2019,10.992475075255214,0.9
NAC,2020,10.964301309086501,0.3
NAC,2021,11.021873893522388,0.3
NAC,2022,11.041394607068746,1.2
NAC,2023,11.059299115951958,1.1
NAC,2024,11.07452225895016,0.9
NER,1992,6.097248717464506,88.0
NER,1994,6.05506709934062,88.9
NER,2005,6.009282193524459,83.8
NER,2007,6.02446191192748,82.9
NER,2011,6.075314455587776,68.8
NER,2014,6.179489076453245,60.3
NER,2018,6.241101429750416,59.0
NER,2021,6.255582563253701,60.5
NGA,1985,7.264679391618522,51.1
NGA,1992,7.359588716971446,55.2
NGA,1996,7.255663231207413,60.9
NGA,2003,7.448458786767408,51.1
NGA,2010,7.747366572588008,38.5
NGA,2012,7.784745308155398,37.4
NGA,2015,7.857764540382057,35.8
NGA,2018,7.796378193844972,34.2
NGA,2022,7.720590703201436,41.8
NIC,1993,7.069972219353498,47.1
NIC,1998,7.204946566177612,34.7
NIC,2001,7.301360450231303,26.3
NIC,2005,7.378688293137505,16.5
NIC,2009,7.411991413446985,13.9
NIC,2014,7.604221294344823,6.6
NLD,1983,10.171216020172121,0.7
NLD,1987,10.252937405043541,0.4
NLD,1990,10.351657757567878,1.1
NLD,1993,10.38275950969428,1.4
NLD,1999,10.578947143794764,0.3
NLD,2004,10.637371820838823,0.3
NLD,2005,10.65517124895427,0.1
NLD,2006,10.688326820533101,0.0
NLD,2007,10.72427001308344,0.0
NLD,2008,10.741323621474573,0.2
NLD,2009,10.698839368583005,0.2
NLD,2010,10.70681738979929,0.0
NLD,2011,10.719730738225008,0.1
NLD,2012,10.706203805516967,0.1
NLD,2013,10.702953141663102,0.1
NLD,2014,10.715351812192356,0.1
NLD,2015,10.73190428550867,0.1
NLD,2016,10.750536110988945,0.1
NLD,2017,10.772059348285007,0.2
NLD,2018,10.78855601392628,0.1
NLD,2019,10.804746364866567,0.1
NLD,2020,10.759743047727733,0.0
NLD,2021,10.815385306100119,0.1
NOR,1979,10.559083141312378,0.3
NOR,1986,10.790793840785764,0.2
NOR,1991,10.840215049143843,0.4
NOR,1995,10.97080768002996,0.4
NOR,2000,11.12153101574343,0.3
NOR,2003,11.151989472181164,0.2
NOR,2004,11.188470424309074,0.3
NOR,2005,11.210924628202102,0.2
NOR,2006,11.230945526453903,0.2
NOR,2007,11.254229274664855,0.2
NOR,2008,11.249960336556558,0.2
NOR,2009,11.221084799471472,0.1
NOR,2010,11.218627305853005,0.2
NOR,2011,11.219410881896332,0.1
NOR,2012,11.234124654060826,0.1
NOR,2013,11.234681922978936,0.2
NOR,2014,11.244140217509605,0.1
NOR,2015,11.25442610373778,0.2
NOR,2016,11.258449580291675,0.3
NOR,2017,11.276719163603925,0.3
NOR,2018,11.281160971684233,0.3
NOR,2019,11.289000480774247,0.2
NOR,2020,11.269413931231195,0.3
NOR,2021,11.304662387560173,0.2
NOR,2022,11.33567190472542,0.3
NOR,2023,11.32780954114185,0.2
PAK,1987,6.7916059087860425,80.6
PAK,1990,6.857392756379772,79.5
PAK,1996,6.954530686459436,45.3
PAK,1998,6.93391056496326,50.3
PAK,2001,6.964010536341795,56.2
PAK,2004,7.044901916101283,40.9
PAK,2005,7.0911043024781355,40.8
PAK,2007,7.14310852796464,34.9
PAK,2010,7.136240396308027,26.7
PAK,2011,7.1403196103313915,25.9
PAK,2013,7.177553996570383,21.2
PAK,2015,7.230179450828166,16.9
PAK,2018,7.3535185312701,16.5
PAK,2024,7.399451483539122,23.0
PAN,1979,8.474090180753084,15.6
PAN,1989,8.425772578586036,29.8
PAN,1991,8.551132080184205,27.1
PAN,1995,8.645833413502288,21.1
PAN,1997,8.719749740827606,19.9
PAN,1998,8.780321797364609,19.8
PAN,1999,8.81131291180725,17.7
PAN,2000,8.832901220551138,16.3
PAN,2001,8.822891396180937,20.8
PAN,2002,8.828373623286012,17.2
PAN,2003,8.858948825850266,16.8
PAN,2004,8.918485061185857,15.5
PAN,2005,8.979148437972452,14.5
PAN,2006,9.05461948066611,15.7
PAN,2007,9.159851639183033,13.0
PAN,2008,9.23874851160005,9.0
PAN,2009,9.236696314144593,6.6
PAN,2010,9.277818795181531,7.7
PAN,2011,9.372586666967182,6.1
PAN,2012,9.446857658683653,7.4
PAN,2013,9.490758425869842,5.9
PAN,2014,9.51867390848937,6.4
PAN,2015,9.552699166644704,4.8
PAN,2016,9.580117807598286,4.8
PAN,2017,9.618837255783216,4.3
PAN,2018,9.640540373769173,3.7
PAN,2019,9.655188457057458,2.9
PAN,2021,9.585547937980428,3.3
PAN,2023,9.73371617233685,3.7
PAN,2024,9.748161333338983,3.1
PER,1985,8.116066886178904,6.2
PER,1994,8.005893098859444,25.7
PER,1997,8.111073322278738,26.9
PER,1998,8.08896008703908,25.7
PER,1999,8.086526583387267,26.3
PER,2000,8.097509400669164,25.5
PER,2001,8.089992850389264,27.4
PER,2002,8.131162970700037,24.4
PER,2003,8.161315545801125,22.5
PER,2004,8.199904605893666,23.5
PER,2005,8.251959183297817,25.4
PER,2006,8.316633368645569,21.8
PER,2007,8.391128985115767,18.9
PER,2008,8.471887497983221,15.8
PER,2009,8.476615237408398,13.7
PER,2010,8.550123506290927,11.2
PER,2011,8.604005032808287,10.3
PER,2012,8.655222061188207,9.5
PER,2013,8.703085270909416,8.6
PER,2014,8.716686245139517,8.0
PER,2015,8.737406293698061,8.0
PER,2016,8.762842341065296,7.5
PER,2017,8.772985043676032,7.3
PER,2018,8.793785657037539,6.1
PER,2019,8.798795947456263,5.4
PER,2020,8.671086166197867,10.3
PER,2021,8.787368023895665,5.2
PER,2022,8.805568376673039,4.8
PER,2023,8.791057682517735,5.9
PER,2024,8.814668810861306,5.1
PHL,1985,7.338020674146574,43.3
PHL,1988,7.401253745259378,41.0
PHL,1991,7.412391888477497,40.6
PHL,1994,7.411402885730488,38.8
PHL,1997,7.495685895398368,30.7
PHL,2000,7.491839326239126,25.9
PHL,2003,7.545823915364357,24.3
PHL,2006,7.6546424709858805,26.1
PHL,2009,7.721670169226304,22.0
PHL,2012,7.837452311337028,21.3
PHL,2015,7.975859623618142,14.6
PHL,2018,8.134742160070255,8.3
PHL,2021,8.117006888629858,8.1
PHL,2023,8.228096155182355,5.3
POL,1992,8.484704830817119,0.2
POL,1993,8.51886161659337,0.0
POL,1995,8.643278685946392,2.6
POL,1996,8.701672096847888,9.0
POL,1998,8.80748906159393,0.2
POL,1999,8.853493234847752,0.9
POL,2000,8.909448361418155,0.3
POL,2001,8.921986193049099,0.4
POL,2002,8.94128285768953,0.3
POL,2003,8.976584994360927,0.2
POL,2004,9.02682463093347,2.8
POL,2005,9.059351981618704,1.4
POL,2006,9.120159450938822,0.9
POL,2007,9.186119834635363,0.6
POL,2008,9.228887485080271,0.3
POL,2009,9.254025040861318,0.6
POL,2010,9.288078663514185,0.6
POL,2011,9.33876115251882,0.6
POL,2012,9.353768224666355,0.4
POL,2013,9.36119092788997,0.6
POL,2014,9.400395470924495,0.6
POL,2015,9.444425606744861,0.5
POL,2016,9.474716910374987,0.4
POL,2017,9.524833198869176,0.4
POL,2018,9.585420842170386,0.3
POL,2019,9.630451637076177,0.1
POL,2020,9.621802319314305,0.2
POL,2021,9.70312160873207,0.1
POL,2022,9.75867244865389,0.3
POL,2023,9.764822032158765,0.2
PRT,2003,9.844084684759105,1.1
PRT,2004,9.859422653913747,0.7
PRT,2005,9.865355401039723,0.7
PRT,2006,9.879671806151135,0.2
PRT,2007,9.902465561885503,0.6
PRT,2008,9.90421103740784,0.3
PRT,2009,9.871539189783375,0.2
PRT,2010,9.888307094175856,0.2
PRT,2011,9.872494160627962,0.6
PRT,2012,9.835196007149635,0.9
PRT,2013,9.830794350175609,1.0
PRT,2014,9.843572821075838,0.8
PRT,2015,9.863487163188946,0.7
PRT,2016,9.886484980778611,0.4
PRT,2017,9.921533553239117,0.4
PRT,2018,9.952171739599772,0.4
PRT,2019,9.979021069470727,0.2
PRT,2020,9.892361585498369,0.6
PRT,2021,9.940190631482182,0.3
PRT,2022,10.000744383129602,0.2
PRT,2023,10.017582167929966,0.4
PRY,1990,8.308882445898986,2.5
PRY,1995,8.399577842624682,18.3
PRY,1997,8.410948588333017,14.9
PRY,1999,8.355260127269762,15.0
PRY,2001,8.28724762845027,13.5
PRY,2002,8.272938413850728,19.6
PRY,2003,8.30293959192202,13.8
PRY,2004,8.331187861372,10.7
PRY,2005,8.341238729247996,10.1
PRY,2006,8.377772943908957,14.1
PRY,2007,8.420766507531372,12.6
PRY,2008,8.474006567482823,7.9
PRY,2009,8.461172288554133,9.1
PRY,2010,8.554691295295894,9.4
PRY,2011,8.583390989661925,8.9
PRY,2012,8.562216737174236,6.4
PRY,2013,8.627503530512824,4.1
PRY,2014,8.66466040603197,4.3
PRY,2015,8.679199436438523,4.2
PRY,2016,8.70648354194201,4.2
PRY,2017,8.739237519828748,2.4
PRY,2018,8.756877459781835,3.1
PRY,2019,8.739302001006266,2.4
PRY,2020,8.717550469205571,2.6
PRY,2021,8.744611567412317,1.9
PRY,2022,8.732983069078593,3.2
PRY,2023,8.772189714210445,2.4
PRY,2024,8.805480015823058,2.1
PSE,2004,7.7941704088361705,1.8
PSE,2005,7.875592857307842,1.3
PSE,2006,7.84002472093093,0.5
PSE,2007,7.851655084909431,2.9
PSE,2009,7.951564947228901,0.6
PSE,2010,7.981760966368257,0.6
PSE,2011,8.048183663284643,0.4
PSE,2016,8.15567770387785,1.4
PSE,2023,8.00544278709866,2.1
ROU,1992,8.308716209363201,0.0
ROU,1994,8.365269849402903,18.4
ROU,1995,8.427762461104905,3.5
ROU,1997,8.422149832732378,4.2
ROU,1998,8.403712668228362,3.6
ROU,1999,8.401508735803482,10.9
ROU,2000,8.427117759892157,11.9
ROU,2001,8.491937557090171,9.5
ROU,2002,8.56570711673555,9.1
ROU,2003,8.596061367991172,7.0
ROU,2004,8.700953793057444,5.3
ROU,2005,8.752753767127427,4.2
ROU,2006,8.835905567509409,11.1
ROU,2007,8.92051918100169,8.1
ROU,2008,9.026177532415526,6.0
ROU,2009,8.977761268101364,5.3
ROU,2010,8.94385951387169,6.3
ROU,2011,8.99275285095176,7.1
ROU,2012,9.016061879194224,8.4
ROU,2013,9.022558950116128,8.7
ROU,2014,9.066640191777969,8.9
ROU,2015,9.102422977129411,7.6
ROU,2016,9.136357583933709,5.2
ROU,2017,9.220907043122477,4.9
ROU,2018,9.279322454204783,3.7
ROU,2019,9.323429411747748,3.1
ROU,2020,9.292293508868276,2.4
ROU,2021,9.354122266965353,2.0
ROU,2022,9.399000413166808,1.5
ROU,2023,9.420667506855567,0.7
RUS,1993,8.66542603260341,6.2
RUS,1996,8.452518723538327,7.1
RUS,1997,8.468074237849933,2.7
RUS,1998,8.415273256243886,4.0
RUS,1999,8.48040064506592,7.2
RUS,2000,8.579917537415207,5.1
RUS,2001,8.633901083340453,3.2
RUS,2002,8.684430192041567,2.0
RUS,2003,8.759425956907013,2.1
RUS,2004,8.832978379342993,1.8
RUS,2005,8.898827966431375,1.4
RUS,2006,8.980914248150096,0.9
RUS,2007,9.064204880368637,0.4
RUS,2008,9.11533716653478,0.2
RUS,2009,9.03382609990302,0.2
RUS,2010,9.0773939644645,0.2
RUS,2011,9.118315025569482,0.1
RUS,2012,9.15525154071543,0.1
RUS,2013,9.169678480198696,0.1
RUS,2014,9.158395549600886,0.4
RUS,2015,9.135370444912384,0.4
RUS,2016,9.134465018611492,0.4
RUS,2017,9.150483790102484,0.4
RUS,2018,9.17727851345692,0.2
RUS,2019,9.198472669961488,0.3
RUS,2020,9.172879928950492,0.1
RUS,2021,9.233208722526568,0.2
RUS,2022,9.222181511586156,0.1
RUS,2023,9.264872668059374,0.1
RWA,2000,5.802410355519627,82.3
RWA,2005,6.093587884434929,74.2
RWA,2010,6.362026158320575,70.2
RWA,2013,6.495105376118715,65.2
RWA,2016,6.618469430593194,63.8
RWA,2023,6.9016476700965095,38.6
SAS,1981,6.042673407022942,55.9
SAS,1982,6.052094502048144,54.2
SAS,1983,6.0929692853006685,50.9
SAS,1984,6.109752016780943,50.7
SAS,1985,6.1360386331327375,50.6
SAS,1986,6.159059605179211,50.7
SAS,1987,6.174113636478754,51.3
SAS,1988,6.233742560119167,51.1
SAS,1989,6.265042007445219,50.4
SAS,1990,6.297734605981286,49.7
SAS,1991,6.2915242429120415,49.6
SAS,1992,6.323186381099627,48.9
SAS,1993,6.349518620651661,48.1
SAS,1994,6.3910228383368874,47.4
SAS,1995,6.4405604366470435,47.1
SAS,1996,6.48909951577257,46.8
SAS,2002,6.676564172780308,46.0
SAS,2003,6.731740217814579,45.6
SAS,2004,6.788062660467032,45.0
SAS,2005,6.846060613119133,43.3
SAS,2006,6.9070906134933,40.7
SAS,2007,6.965379024166913,38.1
SAS,2008,6.985917701210225,36.8
SAS,2009,7.043563599164361,34.6
SAS,2010,7.108668133350014,30.4
SAS,2011,7.148404812920183,27.6
SAS,2012,7.190307521732884,25.2
SAS,2013,7.238642073394188,22.8
SAS,2014,7.296560217245272,20.0
SAS,2020,7.499418007673177,9.4
SAS,2021,7.579432548120324,7.9
SAS,2022,7.639979393318186,6.1
SAS,2023,7.696822675884012,4.7
SAS,2024,7.753348653266446,3.8
SEN,1991,6.896322387675233,77.3
SEN,1994,6.840217136084597,72.2
SEN,2001,6.97295189493963,63.9
SEN,2005,7.020235864356541,53.6
SEN,2011,7.038559374972487,53.3
SEN,2018,7.211627659680629,19.1
SEN,2021,7.254559323144008,17.9
SLV,1989,7.733042893463759,24.8
SLV,1991,7.758732287136455,28.9
SLV,1995,7.92780234500189,19.3
SLV,1996,7.9284227072619275,21.2
SLV,1998,7.972576576280139,26.3
SLV,1999,7.9883505731528945,22.4
SLV,2000,7.99459638121267,18.4
SLV,2001,7.999207780250162,19.4
SLV,2002,8.01170764312865,19.5
SLV,2003,8.025243189033683,20.9
SLV,2004,8.033086190447184,16.3
SLV,2005,8.059390407038835,16.4
SLV,2006,8.102389062150724,12.6
SLV,2007,8.119446907115272,9.2
SLV,2008,8.137527187971052,12.6
SLV,2009,8.113070634317651,12.4
SLV,2010,8.131087512584056,11.4
SLV,2011,8.164850747587009,10.1
SLV,2012,8.188777766364051,8.5
SLV,2013,8.206829270823723,7.1
SLV,2014,8.219851257751255,7.0
SLV,2015,8.240211238908092,5.3
SLV,2016,8.262519476250159,5.8
SLV,2017,8.282695460364838,4.6
SLV,2018,8.305524283156728,4.1
SLV,2019,8.329203047532397,3.0
SLV,2021,8.354097037462306,5.1
SLV,2022,8.379300386464532,5.2
SLV,2023,8.407645397126927,4.6
SRB,2002,8.303666378679484,0.4
SRB,2003,8.350849651307245,0.9
SRB,2004,8.417910829984564,1.2
SRB,2005,8.478273221826027,1.6
SRB,2006,8.52047039416079,0.9
SRB,2007,8.599929905320167,0.6
SRB,2008,8.654508269085472,0.3
SRB,2009,8.626587714867293,0.6
SRB,2010,8.64658911734339,0.3
SRB,2012,8.655093837846179,7.1
SRB,2013,8.664463595523246,7.8
SRB,2014,8.651119088732186,8.9
SRB,2015,8.669110789661225,8.4
SRB,2016,8.703665712116246,8.1
SRB,2017,8.732346696907411,6.6
SRB,2018,8.783255271689672,4.2
SRB,2019,8.83502972977784,2.7
SRB,2020,8.832145150727886,2.0
SRB,2021,8.918071263243814,1.7
SRB,2022,8.969917625720775,2.0
SRB,2023,9.012922885538318,1.1
SSF,1990,7.154487067864888,61.5
SSF,1991,7.131281701252339,62.8
SSF,1992,7.099350758172777,63.8
SSF,1993,7.0614778999717425,64.5
SSF,1994,7.045115968972822,64.6
SSF,1995,7.051327528480454,64.4
SSF,1996,7.074698107973685,63.9
SSF,1997,7.08831880629604,63.5
SSF,1998,7.086614447237592,63.4
SSF,1999,7.0815250263143055,63.1
SSF,2000,7.088751251163244,62.4
SSF,2001,7.103286891605131,61.2
SSF,2002,7.13836594556212,60.8
SSF,2003,7.151767910015694,59.9
SSF,2004,7.189309036637969,56.9
SSF,2005,7.220354189840783,55.4
SSF,2006,7.251753897860976,54.3
SSF,2007,7.284066475696845,53.1
SSF,2008,7.307084837358918,51.9
SSF,2009,7.3104481597149995,51.4
SSF,2010,7.341756416227555,49.4
SSF,2011,7.35637039706893,48.4
SSF,2012,7.361839050638793,47.2
SSF,2013,7.385855367342086,46.1
SSF,2014,7.404930458821257,45.3
SSF,2015,7.4069055249673275,45.4
SSF,2016,7.393498275913925,45.1
SSF,2017,7.391960773159771,44.6
SSF,2018,7.393039418481548,44.1
SSF,2019,7.392159709028645,43.9
SSF,2020,7.332964357520018,46.0
SSF,2021,7.342852897453103,46.2
SSF,2022,7.357569930332131,45.7
SSF,2023,7.359725771812354,45.6
SSF,2024,7.37082216283517,45.1
SVK,1992,8.83102537589248,0.1
SVK,1996,9.013453080780012,1.8
SVK,2004,9.279699460413369,0.2
SVK,2005,9.342434676746999,0.3
SVK,2006,9.427884399084137,0.3
SVK,2007,9.530317325613145,0.6
SVK,2008,9.581704697578502,0.5
SVK,2009,9.52374528546728,0.6
SVK,2010,9.588512922038431,0.6
SVK,2011,9.612525006400196,0.6
SVK,2012,9.626393036381128,0.5
SVK,2013,9.632327073899523,0.4
SVK,2014,9.658075972311597,0.9
SVK,2015,9.70759894324071,0.8
SVK,2016,9.725600632169233,1.5
SVK,2017,9.752390722504042,0.6
SVK,2018,9.790823481696595,0.5
SVK,2019,9.81197406976346,0.2
SVK,2020,9.784921131755084,0.3
SVK,2021,9.842061731233246,0.3
SVK,2022,9.850341481768611,0.7
SVK,2023,9.87217092607487,0.5
SVN,1993,9.400823638446155,0.0
SVN,1997,9.57503007394696,0.1
SVN,1998,9.607389530335332,0.0
SVN,1999,9.658014581757303,0.2
SVN,2002,9.746813754520934,0.1
SVN,2003,9.777661305073957,0.0
SVN,2004,9.821477834806354,0.1
SVN,2005,9.857562856160202,0.1
SVN,2006,9.911779694656975,0.1
SVN,2007,9.975146646136327,0.0
SVN,2008,10.006731492835778,0.0
SVN,2009,9.918751406550351,0.0
SVN,2010,9.925450595902388,0.0
SVN,2011,9.929906263605451,0.0
SVN,2012,9.89821717830354,0.0
SVN,2013,9.88858803395893,0.0
SVN,2014,9.914858072395745,0.0
SVN,2015,9.937757320976354,0.0
SVN,2016,9.966918220256982,0.0
SVN,2017,10.01671638905634,0.0
SVN,2018,10.055949664620233,0.0
SVN,2019,10.083438806338028,0.0
SVN,2020,10.035033446477938,0.0
SVN,2021,10.11315839497574,0.0
SVN,2022,10.137599370599515,0.0
SVN,2023,10.157117692400249,0.0
SWE,1975,10.220646080188796,0.5
SWE,1981,10.276008664655187,0.4
SWE,1987,10.420343243776106,0.2
SWE,1992,10.424476820666394,0.2
SWE,1995,10.464942045594261,0.5
SWE,2000,10.634936147948784,0.1
SWE,2001,10.645767748729286,0.2
SWE,2002,10.665035125343998,0.1
SWE,2003,10.679949747314154,0.4
SWE,2004,10.71696275248944,0.5
SWE,2005,10.740511737024276,1.1
SWE,2006,10.780587292644292,0.4
SWE,2007,10.804911375886864,0.5
SWE,2008,10.787847039539354,0.7
SWE,2009,10.735839805559381,0.5
SWE,2010,10.783229423106263,0.6
SWE,2011,10.806826582565227,0.7
SWE,2012,10.795276362748696,0.5
SWE,2013,10.798115315800002,0.7
SWE,2014,10.810891278995069,0.5
SWE,2015,10.843263636106574,0.6
SWE,2016,10.851786967343648,0.4
SWE,2017,10.856965678266043,0.3
SWE,2018,10.86289691501412,0.9
SWE,2019,10.878507651590331,0.4
SWE,2020,10.85175321747415,0.5
SWE,2021,10.89668624463542,0.6
SWE,2022,10.902356625417916,1.3
SWE,2023,10.89558674884876,0.8
THA,1981,7.338518523078423,31.0
THA,1988,7.687269856386003,26.7
THA,1990,7.875316795154772,21.1
THA,1992,8.00297978682566,16.2
THA,1994,8.129024592335266,9.2
THA,1996,8.23399800962009,6.4
THA,1998,8.10027075319704,5.7
THA,1999,8.132438349625003,8.3
THA,2000,8.164714183557189,8.4
THA,2002,8.238471975824611,4.7
THA,2004,8.350612275591972,3.1
THA,2006,8.423217621027346,2.2
THA,2007,8.468143081239914,1.3
THA,2008,8.477571297301573,1.0
THA,2009,8.463255730115991,0.8
THA,2010,8.528994773648948,0.7
THA,2011,8.531142920325157,0.3
THA,2012,8.594872208146699,0.4
THA,2013,8.615519117762524,0.2
THA,2014,8.620014364522413,0.2
THA,2015,8.646263987300964,0.1
THA,2016,8.675526061571343,0.1
THA,2017,8.712224153308563,0.1
THA,2018,8.75055626255621,0.1
THA,2019,8.769435276762746,0.1
THA,2020,8.70490394139797,0.1
THA,2021,8.71917197037036,0.0
THA,2022,8.745096995393986,0.0
THA,2023,8.767794856441542,0.0
THA,2024,8.797334714252285,0.0
TJK,1999,5.994974335059739,79.4
TJK,2003,6.3033357148126825,56.0
TJK,2004,6.381743445205455,37.2
TJK,2007,6.531578405336905,24.2
TJK,2009,6.605585942424534,15.7
TJK,2015,6.863715938235779,13.3
TJK,2021,7.1341495377555555,9.1
TJK,2022,7.18973772908326,8.9
TJK,2023,7.249291488892838,7.3
TJK,2024,7.310776158362432,6.1
TUN,1985,7.628124284710795,21.6
TUN,1990,7.656559632392753,16.3
TUN,1995,7.750439113326085,17.4
TUN,2000,7.960165514264062,10.5
TUN,2005,8.102264899943865,5.9
TUN,2010,8.270501101594988,3.1
TUN,2015,8.29777960932586,0.7
TUN,2021,8.269381167382672,0.7
TUR,1987,8.497974660899756,9.0
TUR,1994,8.567088154093648,10.1
TUR,2002,8.734190763569853,7.6
TUR,2003,8.778953084510617,10.0
TUR,2004,8.86243007717421,6.6
TUR,2005,8.938944478085427,6.5
TUR,2006,8.996963394379998,4.8
TUR,2007,9.04517480014172,4.0
TUR,2008,9.041677875708675,3.3
TUR,2009,8.977815592246035,3.0
TUR,2010,9.044590120376022,2.8
TUR,2011,9.134091859988523,2.0
TUR,2012,9.16830103943749,1.7
TUR,2013,9.23692864170461,1.5
TUR,2014,9.268418713657828,1.0
TUR,2015,9.31151057104938,1.3
TUR,2016,9.330752566421996,0.9
TUR,2017,9.39313231666067,1.1
TUR,2018,9.413689966269365,1.0
TUR,2019,9.412325250776597,1.3
TUR,2020,9.420491391349826,1.1
TUR,2021,9.52302754693335,0.9
TUR,2022,9.566165188242875,0.5
TUR,2023,9.611321116091183,0.2
UGA,1989,5.882681197235681,72.8
UGA,1992,5.933860891366185,79.9
UGA,1996,6.149382192183349,78.5
UGA,1999,6.2333423023227805,80.6
UGA,2002,6.305189549792256,78.6
UGA,2005,6.404244193731566,72.4
UGA,2009,6.619196643174824,63.5
UGA,2012,6.713661259823246,56.2
UGA,2016,6.773821943462781,60.1
UGA,2019,6.82539391193632,59.8
UKR,1992,7.839467597827163,8.1
UKR,1993,7.685810939329714,5.1
UKR,1995,7.308798679117615,14.5
UKR,1996,7.211979790866068,15.2
UKR,1999,7.185033319040957,24.8
UKR,2002,7.405058637626521,6.3
UKR,2003,7.50343214803933,3.2
UKR,2004,7.621902872289646,2.8
UKR,2005,7.660397767452958,1.1
UKR,2006,7.739852039091524,0.7
UKR,2007,7.82338661381434,0.5
UKR,2008,7.850763534582072,0.1
UKR,2009,7.69082093291978,0.3
UKR,2010,7.734529901630858,0.1
UKR,2011,7.790746009086028,0.1
UKR,2012,7.794382133758643,0.1
UKR,2013,7.7966403878830555,0.1
UKR,2014,7.744415425280027,0.0
UKR,2015,7.647057668097867,0.3
UKR,2016,7.676048432128427,0.2
UKR,2017,7.704249768417747,0.1
UKR,2018,7.744425577293742,0.2
UKR,2019,7.782423016096244,0.2
UKR,2020,7.751091339741339,0.0
URY,1981,9.091040229756565,0.0
URY,1989,9.029354282802691,1.0
URY,1992,9.126257562987211,0.9
URY,1995,9.192471348027704,0.8
URY,1996,9.241471021431476,0.9
URY,1997,9.31819585775088,0.7
URY,1998,9.357462050652947,0.9
URY,2000,9.314369788239542,0.8
URY,2001,9.272710049302109,0.7
URY,2002,9.190828375699178,1.1
URY,2003,9.198141957262543,1.5
URY,2004,9.246373967265198,1.7
URY,2005,9.317525086780893,1.5
URY,2006,9.356557136243545,1.0
URY,2007,9.418206433316357,0.7
URY,2008,9.485380593016586,0.4
URY,2009,9.52454612643267,0.4
URY,2010,9.597123928699771,0.3
URY,2011,9.644975610857257,0.2
URY,2012,9.677171329777222,0.3
URY,2013,9.719528985074962,0.3
URY,2014,9.748121594509515,0.2
URY,2015,9.748347314592769,0.2
URY,2016,9.761764701294066,0.1
URY,2017,9.776313263788442,0.1
URY,2018,9.776162241116287,0.1
URY,2019,9.784616086291907,0.1
URY,2020,9.707677239541228,0.3
URY,2021,9.765144903261541,0.2
URY,2022,9.811881520825366,0.2
URY,2023,9.82030566889607,0.2
URY,2024,9.853462949157347,0.2
USA,1963,9.930411052645086,1.6
USA,1964,9.972900925567522,1.5
USA,1965,10.022434600040818,1.3
USA,1966,10.073860467375878,1.2
USA,1967,10.087664267825728,1.1
USA,1968,10.12456324331528,0.9
USA,1969,10.145320020198106,0.7
USA,1970,10.135833715974174,1.1
USA,1971,10.155587115975665,0.9
USA,1972,10.196102448982744,0.8
USA,1973,10.24147834692857,0.8
USA,1974,10.226921580475878,0.9
USA,1975,10.215003411025453,0.7
USA,1976,10.257980123907414,0.7
USA,1977,10.293126971356225,0.6
USA,1978,10.336405662528113,0.6
USA,1979,10.356538938153877,0.7
USA,1980,10.344371979189011,0.6
USA,1981,10.359618187051083,0.6
USA,1982,10.331890350135916,0.8
USA,1983,10.367564956585802,0.7
USA,1984,10.428772836263416,0.6
USA,1985,10.460761463385845,0.6
USA,1986,10.485560362601971,0.6
USA,1987,10.510585040470527,0.6
USA,1988,10.542426070675791,0.5
USA,1989,10.56904619243571,0.5
USA,1990,10.57643370458266,0.5
USA,1991,10.56198738143011,0.6
USA,1992,10.582737291588442,0.6
USA,1993,10.596696636812993,0.6
USA,1994,10.623933414822993,0.7
USA,1995,10.638515863949376,0.7
USA,1996,10.663915192598386,0.7
USA,1997,10.69538639422713,0.8
USA,1998,10.727584718051212,0.9
USA,1999,10.762874449365563,0.7
USA,2000,10.791713211341452,0.8
USA,2001,10.791325816970334,0.9
USA,2002,10.79890935770275,0.9
USA,2003,10.817886963150846,1.0
USA,2004,10.846388030585665,1.1
USA,2005,10.871413375193665,1.0
USA,2006,10.88923559910648,1.1
USA,2007,10.899565499768839,1.0
USA,2008,10.891242074755974,1.1
USA,2009,10.856372827998042,1.0
USA,2010,10.874506648934766,1.1
USA,2011,10.882105667121523,1.1
USA,2012,10.896754900940332,1.1
USA,2013,10.910146457679765,1.1
USA,2014,10.927111193758208,1.3
USA,2015,10.948162172702753,1.2
USA,2016,10.958336893154724,1.2
USA,2017,10.975686916765625,1.3
USA,2018,10.999056141844981,1.1
USA,2019,11.019415142765025,1.0
USA,2020,10.994296289614953,0.4
USA,2021,11.052425106106162,0.3
USA,2022,11.071660624672864,1.4
USA,2023,11.092356083177735,1.2
USA,2024,11.110304007400245,1.1
UZB,1998,7.189018248461859,79.8
UZB,2000,7.242090965884191,93.8
UZB,2002,7.297424680785144,93.1
UZB,2003,7.326699095038328,93.3
UZB,2021,8.28197619178074,4.4
UZB,2022,8.320955462787925,4.4
UZB,2023,8.361989889392762,4.1
UZB,2024,8.406911130323307,2.7
UZB,2025,8.462246569084682,2.3
VEN,1981,8.401697563151988,11.3
VEN,1987,8.331079509105104,12.3
VEN,1989,8.191912184074104,7.3
VEN,1992,8.335314383384636,6.9
VEN,1995,8.287417497279199,15.1
VEN,1998,8.289675119894206,14.9
VEN,1999,8.20893516415139,16.7
VEN,2001,8.240006722218466,14.7
VEN,2002,8.130617783312989,22.1
VEN,2003,8.032120239402403,27.1
VEN,2004,8.182230452677574,22.8
VEN,2005,8.262511009085545,18.1
VEN,2006,8.340591104149247,9.7
VNM,1992,6.6332011289711845,57.5
VNM,1997,6.9705216325696275,38.1
VNM,2002,7.200810419069993,43.3
VNM,2004,7.320490224666083,30.9
VNM,2006,7.438193043334589,23.7
VNM,2008,7.526181714441248,17.6
VNM,2010,7.614599152010479,5.2
VNM,2012,7.707113932172954,3.7
VNM,2014,7.799460881041575,3.4
VNM,2016,7.906760423016145,2.5
VNM,2018,8.022333850815286,2.2
VNM,2020,8.102637740475883,1.3
VNM,2022,8.193583547414308,1.6
WLD,1981,8.697206321899943,47.1
WLD,1982,8.683188245069978,46.7
WLD,1983,8.690671085019433,46.1
WLD,1984,8.719282647779508,45.5
WLD,1985,8.737615637472413,44.7
WLD,1986,8.75236127230491,43.8
WLD,1987,8.771262120442717,43.3
WLD,1988,8.797787307642306,42.1
WLD,1989,8.81599554324133,43.6
WLD,1990,8.825284422248114,43.4
WLD,1991,8.820760753872017,43.1
WLD,1992,8.824869856252537,42.5
WLD,1993,8.827405006474867,42.1
WLD,1994,8.845646372457194,40.7
WLD,1995,8.861884811196424,39.4
WLD,1996,8.882216770210576,38.1
WLD,1997,8.906768888626816,37.7
WLD,1998,8.91982550538195,37.9
WLD,1999,8.941012628960163,37.3
WLD,2000,8.97203469054717,36.2
WLD,2001,8.97871627104615,35.3
WLD,2002,8.988526840842852,33.7
WLD,2003,9.005900438024343,32.2
WLD,2004,9.037006059128075,30.3
WLD,2005,9.06408370944668,28.3
WLD,2006,9.095283741510581,27.0
WLD,2007,9.126031615629017,25.3
WLD,2008,9.134055969783823,24.1
WLD,2009,9.108110567371968,23.1
WLD,2010,9.140155853164616,21.0
WLD,2011,9.160574280345871,19.1
WLD,2012,9.175089028644951,17.8
WLD,2013,9.191262154313335,15.5
WLD,2014,9.210398697662546,14.5
WLD,2015,9.229355949558034,13.4
WLD,2016,9.24522911832552,12.6
WLD,2017,9.267812272449245,11.8
WLD,2018,9.289389466061985,11.1
WLD,2020,9.266268759094162,11.4
WLD,2021,9.320772410007079,11.3
WLD,2022,9.345921431188644,10.9
WLD,2023,9.364847199925071,10.6
WLD,2024,9.38381054984888,10.4
XKX,2009,7.8938929011115055,10.5
XKX,2010,7.945425157799448,10.6
XKX,2011,8.004915885517619,6.6
XKX,2012,8.013459032642148,3.9
XKX,2013,8.059424934625916,2.2
XKX,2014,8.095300928443677,3.3
XKX,2015,8.166394336045292,2.4
XKX,2016,8.226619974771877,2.0
XKX,2017,8.266209742879878,15.2
XKX,2018,8.296326926214984,20.7
XKX,2019,8.347368808250767,11.3
XKX,2020,8.291783137491022,16.8
XKX,2021,8.396126396360549,25.0
XKX,2022,8.44814085800957,10.0
ZAF,1993,8.341314417973827,44.6
ZAF,2000,8.45550405864801,47.9
ZAF,2005,8.595278750744047,40.7
ZAF,2008,8.701133376089404,37.0
ZAF,2010,8.691809314984317,27.8
ZAF,2014,8.725020996315116,27.9
ZAF,2022,8.663345982388412,17.4
ZMB,1991,6.753159844447227,63.0
ZMB,1993,6.753484206452256,67.1
ZMB,1996,6.679621873568297,56.1
ZMB,1998,6.661424192391787,56.6
ZMB,2002,6.725059065071774,68.0
ZMB,2004,6.797354592458928,68.9
ZMB,2006,6.875814113134732,72.0
ZMB,2010,7.076161400386329,71.4
ZMB,2015,7.166943649325317,67.9
ZMB,2022,7.169233034893394,71.7
